extraction_date,rank,player_name,lp,puuid,deck_code,factions,total_cards,unique_cards,mana_low_pct,mana_mid_pct,mana_high_pct,archetype_hint,card_list
2026-04-09,4,hungrylouna129,251.0,4DksskDtcvxtt8JMYwyNMjIIbmau_tz4KwUT-zwcbizxUo3ZMm990UGyxvJ8PHKAEDre0lfPtNGyMw,CECQCAIADIAQQAAGAEEQEOQCAEBBGIACAYBCGJQHAEAQEMIBAIAACAIEAABACBACBUAQMABQAEEQAIQCAMAAMDQDAEAQANABAEBCKAIEAAEA,Demacia|F37|Freljord|Ionia,40,18,,,,,"[{""c"":""01DE026"",""n"":3},{""c"":""08DE006"",""n"":3},{""c"":""09IO058"",""n"":3},{""c"":""01IO019"",""n"":3},{""c"":""01IO032"",""n"":3},{""c"":""06IO035"",""n"":3},{""c"":""06IO038"",""n"":3},{""c"":""01IO049"",""n"":2},{""c"":""02DE001"",""n"":2},{""c"":""04DE002"",""n"":2},{""c"":""04IO013"",""n"":2},{""c"":""06DE048"",""n"":2},{""c"":""09DE034"",""n"":2},{""c"":""03DE006"",""n"":2},{""c"":""03DE014"",""n"":2},{""c"":""01FR000"",""n"":1},{""c"":""52FR001"",""n"":1},{""c"":""02F37001"",""n"":1}]"
2026-04-09,5,Borden,236.0,qK9glayGZ5epQctvwehXPI9r5oRK7o06vZ6d6XJXNy_B35V-NIfKnsbD6sbg9oW4vlzESUqjtMEecA,CQBQCBAFAUAQMBJOAIEAKBZKAYAQKCT7AEDAKFABA4CQEAQEAUCBAAQIAUSSSAYBAUAR2MIGAEAQKKIBAQCQGAIHAUFACCAKAYBAKCQBGEBAMBIHDM,Bandle City|F08|Freljord|Ionia|Noxus|Shadow Isles,38,20,,,,,"[{""c"":""04SI005"",""n"":3},{""c"":""06SI046"",""n"":3},{""c"":""08SI007"",""n"":3},{""c"":""08SI042"",""n"":3},{""c"":""05BC127"",""n"":2},{""c"":""06SI020"",""n"":2},{""c"":""07SI002"",""n"":2},{""c"":""04SI004"",""n"":2},{""c"":""04SI016"",""n"":2},{""c"":""08SI037"",""n"":2},{""c"":""08SI041"",""n"":2},{""c"":""01SI001"",""n"":2},{""c"":""01SI029"",""n"":2},{""c"":""01SI049"",""n"":2},{""c"":""01FR005"",""n"":1},{""c"":""41FR004"",""n"":1},{""c"":""05NX001"",""n"":1},{""c"":""07SI010"",""n"":1},{""c"":""01F08010"",""n"":1},{""c"":""06IO005"",""n"":1}]"
2026-04-09,6,waitimplaying,189.0,_azDPaOzvLiVWYOIu_tqeRsKBR8jGB0PqWIwKWT4Q7tkGYQL315DorDP9xtQYmJXyLKmpxH_bxvxjA,CECQCBAABAAQMARDAEDQABICAEBCAKYDAEAASGQ5AUAQEAABAEBQADQBAQAAEAIGAAYACCAAAYCQCAYAAYAQGAQJAEDAEJQBBAAAUAQBAISTC,Demacia|F08|Freljord|Ionia|Mount Targon|Noxus,39,18,,,,,"[{""c"":""04DE008"",""n"":3},{""c"":""06IO035"",""n"":3},{""c"":""07DE005"",""n"":3},{""c"":""01IO032"",""n"":3},{""c"":""01IO043"",""n"":3},{""c"":""01DE009"",""n"":3},{""c"":""01DE026"",""n"":3},{""c"":""01DE029"",""n"":3},{""c"":""02DE001"",""n"":2},{""c"":""03DE014"",""n"":2},{""c"":""04DE002"",""n"":2},{""c"":""06DE048"",""n"":2},{""c"":""08DE006"",""n"":2},{""c"":""01NX000"",""n"":1},{""c"":""06FR003"",""n"":1},{""c"":""02MT001"",""n"":1},{""c"":""06IO038"",""n"":1},{""c"":""01F08000"",""n"":1}]"
2026-04-09,8,Mzhkm,168.0,wKRwXzXitOo8tiys3ThWEcY6NOqbxCgRL6LZa2_S69LCgiqhZdeCqkDtBim83OCOSHJ0lI82rvz5uA,CQDQCAICFEAQCBBUAEBQEFABAMCAWAIGAQJACBYCBMAQSAR2A4AQCARRAEBAEBIBAYCCUAIIBIDACCACBIAQQBAJAIDQEEIUAMAQGAQTAECQIJQBAYBCA,Bandle City|F38|Freljord|Ionia|Noxus|Piltover & Zaun,40,18,,,,,"[{""c"":""01IO041"",""n"":3},{""c"":""01PZ052"",""n"":3},{""c"":""03IO020"",""n"":3},{""c"":""03PZ011"",""n"":3},{""c"":""06PZ018"",""n"":3},{""c"":""07IO011"",""n"":3},{""c"":""09IO058"",""n"":3},{""c"":""01IO049"",""n"":2},{""c"":""02IO005"",""n"":2},{""c"":""06PZ042"",""n"":2},{""c"":""08BC006"",""n"":2},{""c"":""08IO010"",""n"":2},{""c"":""08PZ009"",""n"":2},{""c"":""07IO017"",""n"":2},{""c"":""07IO020"",""n"":2},{""c"":""01NX002"",""n"":1},{""c"":""19FR005"",""n"":1},{""c"":""04F38001"",""n"":1}]"
2026-04-09,11,Evilkyatt,130.0,VIhWFnBFEMr4EV5Wso7qWAXeLXjX7AsH9jGXBsQMzElxqWDkmhYduySwqjiw2LKgm8Vl4x7vCePEVA,CIEACAIEFUAQKAAMAEDAMHIBA4AAKAIIAAFACCAJAMBAMAAVDQBAMBAIEYBQCAQAAIAQIAADAIDAABQKAIAQKBBGAEDAAGA,Bilgewater|Demacia|Freljord|Mount Targon|Piltover & Zaun|Shadow Isles,40,16,,,,,"[{""c"":""01PZ045"",""n"":3},{""c"":""05DE012"",""n"":3},{""c"":""06BW029"",""n"":3},{""c"":""07DE005"",""n"":3},{""c"":""08DE010"",""n"":3},{""c"":""08MT003"",""n"":3},{""c"":""06DE021"",""n"":3},{""c"":""06DE028"",""n"":3},{""c"":""06PZ008"",""n"":3},{""c"":""06PZ038"",""n"":3},{""c"":""02DE002"",""n"":2},{""c"":""04DE003"",""n"":2},{""c"":""06DE006"",""n"":2},{""c"":""06DE010"",""n"":2},{""c"":""01SI004"",""n"":1},{""c"":""38FR006"",""n"":1}]"
2026-04-09,12,Davebo,136.0,VLKpCAmlUM3NEPhfXqQhNpavrwVpFqBTl0XhrDvMARySiqz6PJyEtbCAExJgF-KsxVkqbVZgpxDFSQ,CIDQCBIABQAQKBAZAEDAMHIBAYCAQAIIAAFACCAJAMBAMAAKCUDACAIEGQAQIAADAEDAILQBA4AAKAIIAADAEBQAAYOAEAIGAAMACBQEEY,Bilgewater|Demacia|Freljord|Mount Targon|Piltover & Zaun,40,17,,,,,"[{""c"":""05DE012"",""n"":3},{""c"":""05PZ025"",""n"":3},{""c"":""06BW029"",""n"":3},{""c"":""06PZ008"",""n"":3},{""c"":""08DE010"",""n"":3},{""c"":""08MT003"",""n"":3},{""c"":""06DE010"",""n"":3},{""c"":""06DE021"",""n"":3},{""c"":""01PZ052"",""n"":2},{""c"":""04DE003"",""n"":2},{""c"":""06PZ046"",""n"":2},{""c"":""07DE005"",""n"":2},{""c"":""08DE006"",""n"":2},{""c"":""06DE006"",""n"":2},{""c"":""06DE028"",""n"":2},{""c"":""01BW000"",""n"":1},{""c"":""24FR006"",""n"":1}]"
2026-04-09,28,Carrot Spirit,100.0,NF9ZwowvSyBz45YcetDzIlsyVLSXCW7enL4zTVyKjr2XKr2XBFWy1fc_CdtXAjFtiOBxXQRJAYTRUA,CQDACAQDAMAQMCQ2AEDAGKIBBEFAWBABAMBAYKBXAQCQUBZJUMA2MAICAEAQGGIBAUFHIAA,Bandle City|Noxus,40,14,,,,,"[{""c"":""02NX003"",""n"":3},{""c"":""06BC026"",""n"":3},{""c"":""06NX041"",""n"":3},{""c"":""09BC011"",""n"":3},{""c"":""01NX002"",""n"":3},{""c"":""01NX012"",""n"":3},{""c"":""01NX040"",""n"":3},{""c"":""01NX055"",""n"":3},{""c"":""05BC007"",""n"":3},{""c"":""05BC041"",""n"":3},{""c"":""05BC163"",""n"":3},{""c"":""05BC166"",""n"":3},{""c"":""01NX025"",""n"":2},{""c"":""05BC116"",""n"":2}]"
2026-04-09,30,ANG3L,98.0,64T_QJuxrjgymcgVU_WRi83XMzxl5n3CFbhCLnEpra1r8axDA_rRCCP2Lvk2rIRx-TL7jn-FAfdNqQ,CIDACBYJBEAQQAI6AIDACJBJAIEASAY7AMAQCDBBFICAGCIOCVLWIAABAEBQCFQ,Freljord|Mount Targon|Noxus,40,14,,,,,"[{""c"":""07MT009"",""n"":3},{""c"":""08FR030"",""n"":3},{""c"":""06FR036"",""n"":3},{""c"":""06FR041"",""n"":3},{""c"":""08MT003"",""n"":3},{""c"":""08MT031"",""n"":3},{""c"":""01FR012"",""n"":3},{""c"":""01FR033"",""n"":3},{""c"":""01FR042"",""n"":3},{""c"":""03MT014"",""n"":3},{""c"":""03MT021"",""n"":3},{""c"":""03MT087"",""n"":3},{""c"":""03MT100"",""n"":3},{""c"":""01NX001"",""n"":1}]"
2026-04-10,4,waitimplaying,238.0,_azDPaOzvLiVWYOIu_tqeRsKBR8jGB0PqWIwKWT4Q7tkGYQL315DorDP9xtQYmJXyLKmpxH_bxvxjA,CECQCBAABAAQMARDAEDQABICAEBCAKYDAEAASGQ5AUAQEAABAEBQADQBAQAAEAIGAAYACCAAAYCQCAYAAYAQGAQJAEDAEJQBBAAAUAQBAISTC,Demacia|F08|Freljord|Ionia|Mount Targon|Noxus,39,18,,,,,"[{""c"":""04DE008"",""n"":3},{""c"":""06IO035"",""n"":3},{""c"":""07DE005"",""n"":3},{""c"":""01IO032"",""n"":3},{""c"":""01IO043"",""n"":3},{""c"":""01DE009"",""n"":3},{""c"":""01DE026"",""n"":3},{""c"":""01DE029"",""n"":3},{""c"":""02DE001"",""n"":2},{""c"":""03DE014"",""n"":2},{""c"":""04DE002"",""n"":2},{""c"":""06DE048"",""n"":2},{""c"":""08DE006"",""n"":2},{""c"":""01NX000"",""n"":1},{""c"":""06FR003"",""n"":1},{""c"":""02MT001"",""n"":1},{""c"":""06IO038"",""n"":1},{""c"":""01F08000"",""n"":1}]"
2026-04-10,6,Mzhkm,206.0,wKRwXzXitOo8tiys3ThWEcY6NOqbxCgRL6LZa2_S69LCgiqhZdeCqkDtBim83OCOSHJ0lI82rvz5uA,CQDQCAICFEAQCBBUAEBQEFABAMCAWAIGAQJACBYCBMAQSAR2A4AQCARRAEBAEBIBAUCBSAIGAQVACCAKAYAQQAQKAIDQEEIUAMAQKBBGAEDAEIABA4BAS,Bandle City|F32|Freljord|Ionia|Piltover & Zaun|Shadow Isles,40,18,,,,,"[{""c"":""01IO041"",""n"":3},{""c"":""01PZ052"",""n"":3},{""c"":""03IO020"",""n"":3},{""c"":""03PZ011"",""n"":3},{""c"":""06PZ018"",""n"":3},{""c"":""07IO011"",""n"":3},{""c"":""09IO058"",""n"":3},{""c"":""01IO049"",""n"":2},{""c"":""02IO005"",""n"":2},{""c"":""05PZ025"",""n"":2},{""c"":""06PZ042"",""n"":2},{""c"":""08BC006"",""n"":2},{""c"":""08IO010"",""n"":2},{""c"":""07IO017"",""n"":2},{""c"":""07IO020"",""n"":2},{""c"":""01SI004"",""n"":1},{""c"":""38FR006"",""n"":1},{""c"":""02F32001"",""n"":1}]"
2026-04-10,7,Borden,203.0,qK9glayGZ5epQctvwehXPI9r5oRK7o06vZ6d6XJXNy_B35V-NIfKnsbD6sbg9oW4vlzESUqjtMEecA,CQBQCBAFAUAQMBJOAIEAKBZKAYAQKCT7AEDAKFABA4CQEAQEAUCBAAQIAUSSSAYBAUAR2MIGAEAQKKIBAQCQGAIHAUFACCAKAYBAKCQBGEBAMBIHDM,Bandle City|F08|Freljord|Ionia|Noxus|Shadow Isles,38,20,,,,,"[{""c"":""04SI005"",""n"":3},{""c"":""06SI046"",""n"":3},{""c"":""08SI007"",""n"":3},{""c"":""08SI042"",""n"":3},{""c"":""05BC127"",""n"":2},{""c"":""06SI020"",""n"":2},{""c"":""07SI002"",""n"":2},{""c"":""04SI004"",""n"":2},{""c"":""04SI016"",""n"":2},{""c"":""08SI037"",""n"":2},{""c"":""08SI041"",""n"":2},{""c"":""01SI001"",""n"":2},{""c"":""01SI029"",""n"":2},{""c"":""01SI049"",""n"":2},{""c"":""01FR005"",""n"":1},{""c"":""41FR004"",""n"":1},{""c"":""05NX001"",""n"":1},{""c"":""07SI010"",""n"":1},{""c"":""01F08010"",""n"":1},{""c"":""06IO005"",""n"":1}]"
2026-04-10,8,hungrylouna129,187.0,4DksskDtcvxtt8JMYwyNMjIIbmau_tz4KwUT-zwcbizxUo3ZMm990UGyxvJ8PHKAEDre0lfPtNGyMw,CECQCAIFGEAQQAY4AMCAKBBWG4BQQBIHFEVAKBQFCQNSAJZOAAAQCBQFFU,Bilgewater|Noxus|Shadow Isles,40,14,,,,,"[{""c"":""01SI049"",""n"":3},{""c"":""08NX028"",""n"":3},{""c"":""04SI004"",""n"":3},{""c"":""04SI054"",""n"":3},{""c"":""04SI055"",""n"":3},{""c"":""08SI007"",""n"":3},{""c"":""08SI041"",""n"":3},{""c"":""08SI042"",""n"":3},{""c"":""06SI020"",""n"":3},{""c"":""06SI027"",""n"":3},{""c"":""06SI032"",""n"":3},{""c"":""06SI039"",""n"":3},{""c"":""06SI046"",""n"":3},{""c"":""01BW005"",""n"":1}]"
2026-04-10,13,Davebo,136.0,VLKpCAmlUM3NEPhfXqQhNpavrwVpFqBTl0XhrDvMARySiqz6PJyEtbCAExJgF-KsxVkqbVZgpxDFSQ,CIDQCBIABQAQKBAZAEDAMHIBAYCAQAIIAAFACCAJAMBAMAAKCUDACAIEGQAQIAADAEDAILQBA4AAKAIIAADAEBQAAYOAEAIGAAMACBQEEY,Bilgewater|Demacia|Freljord|Mount Targon|Piltover & Zaun,40,17,,,,,"[{""c"":""05DE012"",""n"":3},{""c"":""05PZ025"",""n"":3},{""c"":""06BW029"",""n"":3},{""c"":""06PZ008"",""n"":3},{""c"":""08DE010"",""n"":3},{""c"":""08MT003"",""n"":3},{""c"":""06DE010"",""n"":3},{""c"":""06DE021"",""n"":3},{""c"":""01PZ052"",""n"":2},{""c"":""04DE003"",""n"":2},{""c"":""06PZ046"",""n"":2},{""c"":""07DE005"",""n"":2},{""c"":""08DE006"",""n"":2},{""c"":""06DE006"",""n"":2},{""c"":""06DE028"",""n"":2},{""c"":""01BW000"",""n"":1},{""c"":""24FR006"",""n"":1}]"
2026-04-10,14,Evilkyatt,130.0,VIhWFnBFEMr4EV5Wso7qWAXeLXjX7AsH9jGXBsQMzElxqWDkmhYduySwqjiw2LKgm8Vl4x7vCePEVA,CIEACAIEFUAQKAAMAEDAMHIBA4AAKAIIAAFACCAJAMBAMAAVDQBAMBAIEYBQCAQAAIAQIAADAIDAABQKAIAQKBBGAEDAAGA,Bilgewater|Demacia|Freljord|Mount Targon|Piltover & Zaun|Shadow Isles,40,16,,,,,"[{""c"":""01PZ045"",""n"":3},{""c"":""05DE012"",""n"":3},{""c"":""06BW029"",""n"":3},{""c"":""07DE005"",""n"":3},{""c"":""08DE010"",""n"":3},{""c"":""08MT003"",""n"":3},{""c"":""06DE021"",""n"":3},{""c"":""06DE028"",""n"":3},{""c"":""06PZ008"",""n"":3},{""c"":""06PZ038"",""n"":3},{""c"":""02DE002"",""n"":2},{""c"":""04DE003"",""n"":2},{""c"":""06DE006"",""n"":2},{""c"":""06DE010"",""n"":2},{""c"":""01SI004"",""n"":1},{""c"":""38FR006"",""n"":1}]"
2026-04-10,19,Im Bard Out,101.0,Yz3vZckMMsL-Dws1t-3XJfGXMMs6-aF_NVmV38P_BTavVKVSeopCEa87wrihIzczQX0FLehUySyTFw,CQCACBYKBEAQQCIDAICQUML7AQEQUAIMBUKAKAIDBERQCBAJAUAQKCQBAEEAUBQCBEFAGBADAEDQSAYBBEFBEAQDBEGRO,Bandle City|F18|Freljord|Mount Targon|Shurima,39,17,,,,,"[{""c"":""07BC009"",""n"":3},{""c"":""08MT003"",""n"":3},{""c"":""05BC049"",""n"":3},{""c"":""05BC127"",""n"":3},{""c"":""09BC001"",""n"":3},{""c"":""09BC012"",""n"":3},{""c"":""09BC013"",""n"":3},{""c"":""09BC020"",""n"":3},{""c"":""03MT035"",""n"":2},{""c"":""04MT005"",""n"":2},{""c"":""05BC001"",""n"":2},{""c"":""08BC006"",""n"":2},{""c"":""09BC003"",""n"":2},{""c"":""09BC004"",""n"":2},{""c"":""01SH009"",""n"":1},{""c"":""03FR009"",""n"":1},{""c"":""10F18002"",""n"":1}]"
2026-04-10,29,Carrot Spirit,100.0,NF9ZwowvSyBz45YcetDzIlsyVLSXCW7enL4zTVyKjr2XKr2XBFWy1fc_CdtXAjFtiOBxXQRJAYTRUA,CQDACAQDAMAQMCQ2AEDAGKIBBEFAWBABAMBAYKBXAQCQUBZJUMA2MAICAEAQGGIBAUFHIAA,Bandle City|Noxus,40,14,,,,,"[{""c"":""02NX003"",""n"":3},{""c"":""06BC026"",""n"":3},{""c"":""06NX041"",""n"":3},{""c"":""09BC011"",""n"":3},{""c"":""01NX002"",""n"":3},{""c"":""01NX012"",""n"":3},{""c"":""01NX040"",""n"":3},{""c"":""01NX055"",""n"":3},{""c"":""05BC007"",""n"":3},{""c"":""05BC041"",""n"":3},{""c"":""05BC163"",""n"":3},{""c"":""05BC166"",""n"":3},{""c"":""01NX025"",""n"":2},{""c"":""05BC116"",""n"":2}]"
2026-04-10,21,mbrookz,124.0,iMQDykjthqoztGrFSrHwtphL2pV9BIrGgAz1EIFDSRHTboYbSYy9SPFPyLCvPzq3i5PdNMVJIeWEiA,CIEQCAIADUAQEAAGAECAAAYBAUAAYAIGAYOQCBQEBAAQOAAFAEEAABQEAYAAMCQVDQBACAIABIAQMABAAA,Bilgewater|Demacia|Piltover & Zaun,40,14,,,,,"[{""c"":""01DE029"",""n"":3},{""c"":""02DE006"",""n"":3},{""c"":""04DE003"",""n"":3},{""c"":""05DE012"",""n"":3},{""c"":""06BW029"",""n"":3},{""c"":""06PZ008"",""n"":3},{""c"":""07DE005"",""n"":3},{""c"":""08DE006"",""n"":3},{""c"":""06DE006"",""n"":3},{""c"":""06DE010"",""n"":3},{""c"":""06DE021"",""n"":3},{""c"":""06DE028"",""n"":3},{""c"":""01DE010"",""n"":2},{""c"":""06DE032"",""n"":2}]"
2026-04-10,36,NotreDammit,80.0,Ik2qUvSnwi86IeXEu5fiNj4mTgE6LR2fHlKi_J1gS05olorTm2il2QpyaTh-gdM17lDLdfXLjcZ3lw,CQDACBQKDIAQQCQFAEEAIGACA4FASFADAECAQGJUAMCQIAQGBYBQCAIEGUAQEBAKAECQURQBAEDAIKY,Bandle City|Bilgewater|Piltover & Zaun,40,15,,,,,"[{""c"":""06BC026"",""n"":3},{""c"":""08BC005"",""n"":3},{""c"":""08PZ024"",""n"":3},{""c"":""07BC009"",""n"":3},{""c"":""07BC020"",""n"":3},{""c"":""01PZ008"",""n"":3},{""c"":""01PZ025"",""n"":3},{""c"":""01PZ052"",""n"":3},{""c"":""05PZ002"",""n"":3},{""c"":""05PZ006"",""n"":3},{""c"":""05PZ014"",""n"":3},{""c"":""01PZ053"",""n"":2},{""c"":""02PZ010"",""n"":2},{""c"":""05BC070"",""n"":2},{""c"":""01BW004"",""n"":1}]"
2026-04-10,37,Scilla,80.0,vwIBeem3KeMHt2DXT689hGEUoZwydZ1S7q2GcWLHvl4GxNDmaxHhI4X25Rx9afLQ0Z4io5Xm3dC2-A,CEAAAAICAAAAMJY,Demacia,1,1,,,,,"[{""c"":""02DE000"",""n"":1}]"
2026-04-11,39,netinho99,77.0,pv-ejnBJpvr2-uknjMz4mPMiw3R4DenY9PoZl1KIB13JDHHA0bveLZ52rxlSXCMHyWvTBN-0c4ubjw,CMCQCBADB4AQOBZHAIDAOBAFAMAQGEY2EYBQIBYFCQ3QIAIBAMFQCAYDAMAQIAYKAECAOOYCAECAGFQBBADQE,Freljord|Noxus|Piltover & Zaun|Shurima,40,16,,,,,"[{""c"":""04NX015"",""n"":3},{""c"":""07SH039"",""n"":3},{""c"":""06SH004"",""n"":3},{""c"":""06SH005"",""n"":3},{""c"":""01NX019"",""n"":3},{""c"":""01NX026"",""n"":3},{""c"":""01NX038"",""n"":3},{""c"":""04SH005"",""n"":3},{""c"":""04SH020"",""n"":3},{""c"":""04SH055"",""n"":3},{""c"":""01NX011"",""n"":2},{""c"":""03NX003"",""n"":2},{""c"":""04NX010"",""n"":2},{""c"":""04SH059"",""n"":2},{""c"":""01PZ003"",""n"":1},{""c"":""22FR008"",""n"":1}]"
2026-04-11,40,ANG3L,66.0,64T_QJuxrjgymcgVU_WRi83XMzxl5n3CFbhCLnEpra1r8axDA_rRCCP2Lvk2rIRx-TL7jn-FAfdNqQ,CIDQCBAAAIAQKBQBAECQADABA4AA4AQBAAOSGAQCAYLCQAQCAADAUBIBAIDD4AICAAEQCBAAAMAQMBQ5AEDAAMAA,Bilgewater|Demacia,40,15,,,,,"[{""c"":""04DE002"",""n"":3},{""c"":""05BW001"",""n"":3},{""c"":""05DE012"",""n"":3},{""c"":""07DE014"",""n"":3},{""c"":""01DE029"",""n"":3},{""c"":""01DE035"",""n"":3},{""c"":""02BW022"",""n"":3},{""c"":""02BW040"",""n"":3},{""c"":""02DE006"",""n"":3},{""c"":""02DE010"",""n"":3},{""c"":""02BW062"",""n"":2},{""c"":""02DE009"",""n"":2},{""c"":""04DE003"",""n"":2},{""c"":""06BW029"",""n"":2},{""c"":""06DE048"",""n"":2}]"
2026-04-11,41,Keldog,65.0,1CKHt5W262OqVUahdjh11tOI_iLOClJy8SS9v3HT9RIEWsSJ40CQAUPI_xtuajXdOFC7cdvA3xsd3A,CQCQCBACBYAQMAQJAEDAKDYBBECQ2AQBAUKROBIBAEBASAIHAUBACCAFFEBACBIEFIBAMBIMFYBQCCIKCQBQMBIHBYIAIAIFAEBQ6HI,Ionia|Mount Targon|Noxus|Shadow Isles|Shurima,35,16,,,,,"[{""c"":""04IO014"",""n"":3},{""c"":""06IO009"",""n"":3},{""c"":""06SI015"",""n"":3},{""c"":""09SI013"",""n"":3},{""c"":""01SI021"",""n"":3},{""c"":""01SI023"",""n"":3},{""c"":""01IO009"",""n"":2},{""c"":""07SI002"",""n"":2},{""c"":""08SI041"",""n"":2},{""c"":""01SI004"",""n"":2},{""c"":""01SI042"",""n"":2},{""c"":""06SI012"",""n"":2},{""c"":""06SI046"",""n"":2},{""c"":""01MT010"",""n"":1},{""c"":""20NX006"",""n"":1},{""c"":""05SH014"",""n"":1}]"
2026-04-11,2,Borden,317.0,qK9glayGZ5epQctvwehXPI9r5oRK7o06vZ6d6XJXNy_B35V-NIfKnsbD6sbg9oW4vlzESUqjtMEecA,CECACBIEAYAQQAITAEEAIGADAECAQGJ2AYAQCBBUAEBQCAQBAQAQUAIIAEMAEAIBAEPAIBIEAIFA4GIBAIAQCFRK,Freljord|Piltover & Zaun,39,17,51.3,43.6,5.1,aggro,"[{""c"":""05PZ006"",""n"":3},{""c"":""08FR019"",""n"":3},{""c"":""08PZ024"",""n"":3},{""c"":""01PZ008"",""n"":3},{""c"":""01PZ025"",""n"":3},{""c"":""01PZ058"",""n"":3},{""c"":""01PZ052"",""n"":2},{""c"":""03FR002"",""n"":2},{""c"":""04FR010"",""n"":2},{""c"":""08FR024"",""n"":2},{""c"":""01FR001"",""n"":2},{""c"":""01FR030"",""n"":2},{""c"":""05PZ002"",""n"":2},{""c"":""05PZ010"",""n"":2},{""c"":""05PZ014"",""n"":2},{""c"":""05PZ025"",""n"":2},{""c"":""02FR001"",""n"":1}]"
2026-04-11,5,mbrookz,237.0,iMQDykjthqoztGrFSrHwtphL2pV9BIrGgAz1EIFDSRHTboYbSYy9SPFPyLCvPzq3i5PdNMVJIeWEiA,CIEQCAIADUAQEAAGAECAAAYBAUAAYAIGAYOQCBQEBAAQOAAFAEEAABQEAYAAMCQVDQBACAIABIAQMABAAA,Bilgewater|Demacia|Piltover & Zaun,40,14,,,,,"[{""c"":""01DE029"",""n"":3},{""c"":""02DE006"",""n"":3},{""c"":""04DE003"",""n"":3},{""c"":""05DE012"",""n"":3},{""c"":""06BW029"",""n"":3},{""c"":""06PZ008"",""n"":3},{""c"":""07DE005"",""n"":3},{""c"":""08DE006"",""n"":3},{""c"":""06DE006"",""n"":3},{""c"":""06DE010"",""n"":3},{""c"":""06DE021"",""n"":3},{""c"":""06DE028"",""n"":3},{""c"":""01DE010"",""n"":2},{""c"":""06DE032"",""n"":2}]"
2026-04-11,8,Mzhkm,198.0,wKRwXzXitOo8tiys3ThWEcY6NOqbxCgRL6LZa2_S69LCgiqhZdeCqkDtBim83OCOSHJ0lI82rvz5uA,CQDQCAICFEAQCBBUAEBQEFABAMCAWAIGAQJACBYCBMAQSAR2A4AQCARRAEBAEBIBAUCBSAIGAQVACCAKAYAQQAQKAIDQEEIUAMAQKBBGAEDAEIABA4BAS,Bandle City|F32|Freljord|Ionia|Piltover & Zaun|Shadow Isles,40,18,,,,,"[{""c"":""01IO041"",""n"":3},{""c"":""01PZ052"",""n"":3},{""c"":""03IO020"",""n"":3},{""c"":""03PZ011"",""n"":3},{""c"":""06PZ018"",""n"":3},{""c"":""07IO011"",""n"":3},{""c"":""09IO058"",""n"":3},{""c"":""01IO049"",""n"":2},{""c"":""02IO005"",""n"":2},{""c"":""05PZ025"",""n"":2},{""c"":""06PZ042"",""n"":2},{""c"":""08BC006"",""n"":2},{""c"":""08IO010"",""n"":2},{""c"":""07IO017"",""n"":2},{""c"":""07IO020"",""n"":2},{""c"":""01SI004"",""n"":1},{""c"":""38FR006"",""n"":1},{""c"":""02F32001"",""n"":1}]"
2026-04-11,12,hungrylouna129,160.0,4DksskDtcvxtt8JMYwyNMjIIbmau_tz4KwUT-zwcbizxUo3ZMm990UGyxvJ8PHKAEDre0lfPtNGyMw,CECQCAIFGEAQQAY4AMCAKBBWG4BQQBIHFEVAKBQFCQNSAJZOAAAQCBQFFU,Bilgewater|Noxus|Shadow Isles,40,14,,,,,"[{""c"":""01SI049"",""n"":3},{""c"":""08NX028"",""n"":3},{""c"":""04SI004"",""n"":3},{""c"":""04SI054"",""n"":3},{""c"":""04SI055"",""n"":3},{""c"":""08SI007"",""n"":3},{""c"":""08SI041"",""n"":3},{""c"":""08SI042"",""n"":3},{""c"":""06SI020"",""n"":3},{""c"":""06SI027"",""n"":3},{""c"":""06SI032"",""n"":3},{""c"":""06SI039"",""n"":3},{""c"":""06SI046"",""n"":3},{""c"":""01BW005"",""n"":1}]"
2026-04-11,14,NotreDammit,146.0,Ik2qUvSnwi86IeXEu5fiNj4mTgE6LR2fHlKi_J1gS05olorTm2il2QpyaTh-gdM17lDLdfXLjcZ3lw,CQBQCBAFGYAQMBIUAIEAKBZJAYAQSCQUAEEQKDICAECQCMICAYCSKLQCBACSKKQEAQCQIBJVG4CACBAFHAAQKCT7AEDAKJYBA4CQU,Bandle City|F127|Freljord|Piltover & Zaun|Shadow Isles,40,20,,,,,"[{""c"":""04SI054"",""n"":3},{""c"":""06SI020"",""n"":3},{""c"":""08SI007"",""n"":3},{""c"":""08SI041"",""n"":3},{""c"":""09BC020"",""n"":2},{""c"":""09SI013"",""n"":2},{""c"":""01SI001"",""n"":2},{""c"":""01SI049"",""n"":2},{""c"":""06SI037"",""n"":2},{""c"":""06SI046"",""n"":2},{""c"":""08SI037"",""n"":2},{""c"":""08SI042"",""n"":2},{""c"":""04SI004"",""n"":2},{""c"":""04SI005"",""n"":2},{""c"":""04SI053"",""n"":2},{""c"":""04SI055"",""n"":2},{""c"":""01PZ005"",""n"":1},{""c"":""56FR005"",""n"":1},{""c"":""10F127001"",""n"":1},{""c"":""06SI039"",""n"":1}]"
2026-04-11,16,Evilkyatt,141.0,VIhWFnBFEMr4EV5Wso7qWAXeLXjX7AsH9jGXBsQMzElxqWDkmhYduySwqjiw2LKgm8Vl4x7vCePEVA,CIEACAIEFUAQKAAMAEDAMHIBA4AAKAIIAAFACCAJAMBAMAAVDQBAMBAIEYBQCAQAAIAQIAADAIDAABQKAIAQKBBGAEDAAGA,Bilgewater|Demacia|Freljord|Mount Targon|Piltover & Zaun|Shadow Isles,40,16,,,,,"[{""c"":""01PZ045"",""n"":3},{""c"":""05DE012"",""n"":3},{""c"":""06BW029"",""n"":3},{""c"":""07DE005"",""n"":3},{""c"":""08DE010"",""n"":3},{""c"":""08MT003"",""n"":3},{""c"":""06DE021"",""n"":3},{""c"":""06DE028"",""n"":3},{""c"":""06PZ008"",""n"":3},{""c"":""06PZ038"",""n"":3},{""c"":""02DE002"",""n"":2},{""c"":""04DE003"",""n"":2},{""c"":""06DE006"",""n"":2},{""c"":""06DE010"",""n"":2},{""c"":""01SI004"",""n"":1},{""c"":""38FR006"",""n"":1}]"
2026-04-11,18,Im Bard Out,135.0,Yz3vZckMMsL-Dws1t-3XJfGXMMs6-aF_NVmV38P_BTavVKVSeopCEa87wrihIzczQX0FLehUySyTFw,CUCQCAYECMAQMCRLAEDQYDYBBEAQUAQBAEEBABQBAEBSEAIBAQKACAQBAMAQQBAZAEEQODACAQDTCOYIAEAQAMIBAEASWAIBAICQCAIFEUAQEBQKAEBQSJYBAQAQ6AIGAEKQ,Bandle City|F43|Freljord|Ionia|Mount Targon|Noxus|Piltover & Zaun|Runeterra|Shurima,40,21,,,,,"[{""c"":""03PZ019"",""n"":3},{""c"":""06BC043"",""n"":3},{""c"":""07RU015"",""n"":3},{""c"":""09FR010"",""n"":3},{""c"":""01FR008"",""n"":3},{""c"":""01FR016"",""n"":3},{""c"":""01NX034"",""n"":2},{""c"":""01PZ020"",""n"":2},{""c"":""02FR003"",""n"":2},{""c"":""08PZ025"",""n"":2},{""c"":""09SH012"",""n"":2},{""c"":""04SH049"",""n"":2},{""c"":""04SH059"",""n"":2},{""c"":""01FR000"",""n"":1},{""c"":""49FR001"",""n"":1},{""c"":""01F43001"",""n"":1},{""c"":""01IO005"",""n"":1},{""c"":""01FR005"",""n"":1},{""c"":""37FR002"",""n"":1},{""c"":""06BC001"",""n"":1},{""c"":""03MT039"",""n"":1}]"
2026-04-11,24,waitimplaying,124.0,_azDPaOzvLiVWYOIu_tqeRsKBR8jGB0PqWIwKWT4Q7tkGYQL315DorDP9xtQYmJXyLKmpxH_bxvxjA,CECQCBAABAAQMARDAEDQABICAEBCAKYDAEAASGQ5AUAQEAABAEBQADQBAQAAEAIGAAYACCAAAYCQCAYAAYAQGAQJAEDAEJQBBAAAUAQBAISTC,Demacia|F08|Freljord|Ionia|Mount Targon|Noxus,39,18,,,,,"[{""c"":""04DE008"",""n"":3},{""c"":""06IO035"",""n"":3},{""c"":""07DE005"",""n"":3},{""c"":""01IO032"",""n"":3},{""c"":""01IO043"",""n"":3},{""c"":""01DE009"",""n"":3},{""c"":""01DE026"",""n"":3},{""c"":""01DE029"",""n"":3},{""c"":""02DE001"",""n"":2},{""c"":""03DE014"",""n"":2},{""c"":""04DE002"",""n"":2},{""c"":""06DE048"",""n"":2},{""c"":""08DE006"",""n"":2},{""c"":""01NX000"",""n"":1},{""c"":""06FR003"",""n"":1},{""c"":""02MT001"",""n"":1},{""c"":""06IO038"",""n"":1},{""c"":""01F08000"",""n"":1}]"
2026-04-11,29,iNilesD,100.0,wyBqeP-e5g-DWGj1HtegH7itQvt6v4ICyf548MkkPS2eOQAg1oZuz0NOBM3NpzMY4X3b_j_0lyxQ8g,CMDQCAIEGQAQGBADAECQOFQBAYDTAAIIAQEQEBAEAIDQIBAHE4WU63IDAEDQICIBBABQYAIIAQEACAIIAQBA,F08|Noxus|Piltover & Zaun|Shurima,40,15,,,,,"[{""c"":""01PZ052"",""n"":3},{""c"":""03PZ003"",""n"":3},{""c"":""05SH022"",""n"":3},{""c"":""06SH048"",""n"":3},{""c"":""08PZ009"",""n"":3},{""c"":""04PZ002"",""n"":3},{""c"":""04PZ007"",""n"":3},{""c"":""04SH039"",""n"":3},{""c"":""04SH045"",""n"":3},{""c"":""04SH079"",""n"":3},{""c"":""04SH109"",""n"":3},{""c"":""07PZ009"",""n"":2},{""c"":""08NX012"",""n"":2},{""c"":""08PZ008"",""n"":2},{""c"":""01F08004"",""n"":1}]"
2026-04-17,34,DrChekhov42,100.0,1c4nwBwSyv5F1x83lL5dfhKFmmilYJSGA5t0If7XkaoDeMUcqouHaokbFO8-2k5ClT0A1DDCqeWjkw,CQDACBQFEAAQOBICAEEAABQBBECQ4AQJBIARIAYBAEFREJQCAIAQKAIDAQAQCAIHDYVACAIBAUOQ,Bandle City|Demacia|Freljord|Shadow Isles,40,16,,,,,"[{""c"":""06SI032"",""n"":3},{""c"":""07SI002"",""n"":3},{""c"":""08DE006"",""n"":3},{""c"":""09SI014"",""n"":3},{""c"":""09BC001"",""n"":3},{""c"":""09BC020"",""n"":3},{""c"":""01FR011"",""n"":3},{""c"":""01FR018"",""n"":3},{""c"":""01FR038"",""n"":3},{""c"":""01SI001"",""n"":2},{""c"":""01SI003"",""n"":2},{""c"":""01FR001"",""n"":2},{""c"":""01FR007"",""n"":2},{""c"":""01FR030"",""n"":2},{""c"":""01FR042"",""n"":2},{""c"":""01FR005"",""n"":1}]"
2026-04-17,37,Carrot Spirit,100.0,NF9ZwowvSyBz45YcetDzIlsyVLSXCW7enL4zTVyKjr2XKr2XBFWy1fc_CdtXAjFtiOBxXQRJAYTRUA,CQDACAQDAMAQMCQ2AEDAGKIBBEFAWBABAMBAYKBXAQCQUBZJUMA2MAICAEAQGGIBAUFHIAA,Bandle City|Noxus,40,14,,,,,"[{""c"":""02NX003"",""n"":3},{""c"":""06BC026"",""n"":3},{""c"":""06NX041"",""n"":3},{""c"":""09BC011"",""n"":3},{""c"":""01NX002"",""n"":3},{""c"":""01NX012"",""n"":3},{""c"":""01NX040"",""n"":3},{""c"":""01NX055"",""n"":3},{""c"":""05BC007"",""n"":3},{""c"":""05BC041"",""n"":3},{""c"":""05BC163"",""n"":3},{""c"":""05BC166"",""n"":3},{""c"":""01NX025"",""n"":2},{""c"":""05BC116"",""n"":2}]"
2026-04-17,39,Davebo,99.0,VLKpCAmlUM3NEPhfXqQhNpavrwVpFqBTl0XhrDvMARySiqz6PJyEtbCAExJgF-KsxVkqbVZgpxDFSQ,CEDACBYECEAQQAITAEEAIGACAEAQIHQDAUCAEBQOAQAQICAZGQ5ACAIBAEVAEAIBAEAQCBABBI,Freljord|Piltover & Zaun,40,15,47.5,40.0,12.5,midrange,"[{""c"":""07PZ017"",""n"":3},{""c"":""08FR019"",""n"":3},{""c"":""08PZ024"",""n"":3},{""c"":""01FR004"",""n"":3},{""c"":""01FR030"",""n"":3},{""c"":""05PZ002"",""n"":3},{""c"":""05PZ006"",""n"":3},{""c"":""05PZ014"",""n"":3},{""c"":""01PZ008"",""n"":3},{""c"":""01PZ025"",""n"":3},{""c"":""01PZ052"",""n"":3},{""c"":""01PZ058"",""n"":3},{""c"":""01FR042"",""n"":2},{""c"":""01FR001"",""n"":1},{""c"":""01FR004"",""n"":1}]"
2026-04-17,42,Scilla,80.0,vwIBeem3KeMHt2DXT689hGEUoZwydZ1S7q2GcWLHvl4GxNDmaxHhI4X25Rx9afLQ0Z4io5Xm3dC2-A,CEAAAAICAAAAMJY,Demacia,1,1,,,,,"[{""c"":""02DE000"",""n"":1}]"
2026-04-17,44,Keldog,65.0,1CKHt5W262OqVUahdjh11tOI_iLOClJy8SS9v3HT9RIEWsSJ40CQAUPI_xtuajXdOFC7cdvA3xsd3A,CQCQCBACBYAQMAQJAEDAKDYBBECQ2AQBAUKROBIBAEBASAIHAUBACCAFFEBAMBIMFYBQCBIBAQVAGAIJBIKAEAIFAMOQGBQFA4HBA,Ionia|Mount Targon|Noxus|Shadow Isles,37,17,,,,,"[{""c"":""04IO014"",""n"":3},{""c"":""06IO009"",""n"":3},{""c"":""06SI015"",""n"":3},{""c"":""09SI013"",""n"":3},{""c"":""01SI021"",""n"":3},{""c"":""01SI023"",""n"":3},{""c"":""01IO009"",""n"":2},{""c"":""07SI002"",""n"":2},{""c"":""08SI041"",""n"":2},{""c"":""06SI012"",""n"":2},{""c"":""06SI046"",""n"":2},{""c"":""01SI001"",""n"":2},{""c"":""01SI004"",""n"":2},{""c"":""01SI042"",""n"":2},{""c"":""01MT010"",""n"":1},{""c"":""20IO001"",""n"":1},{""c"":""05NX029"",""n"":1}]"
2026-04-18,52,ANG3L,3.0,64T_QJuxrjgymcgVU_WRi83XMzxl5n3CFbhCLnEpra1r8axDA_rRCCP2Lvk2rIRx-TL7jn-FAfdNqQ,CIDACBYJBEAQQAI6AIDACJBJAIEASAY7AMAQCDBBFICAGCIOCVLWIAABAEBQCFQ,Freljord|Mount Targon|Noxus,40,14,,,,,"[{""c"":""07MT009"",""n"":3},{""c"":""08FR030"",""n"":3},{""c"":""06FR036"",""n"":3},{""c"":""06FR041"",""n"":3},{""c"":""08MT003"",""n"":3},{""c"":""08MT031"",""n"":3},{""c"":""01FR012"",""n"":3},{""c"":""01FR033"",""n"":3},{""c"":""01FR042"",""n"":3},{""c"":""03MT014"",""n"":3},{""c"":""03MT021"",""n"":3},{""c"":""03MT087"",""n"":3},{""c"":""03MT100"",""n"":3},{""c"":""01NX001"",""n"":1}]"
2026-04-18,6,Scilla,426.0,vwIBeem3KeMHt2DXT689hGEUoZwydZ1S7q2GcWLHvl4GxNDmaxHhI4X25Rx9afLQ0Z4io5Xm3dC2-A,CEAAAAICAAAAMJY,Demacia,1,1,,,,,"[{""c"":""02DE000"",""n"":1}]"
2026-04-18,8,Borden,398.0,qK9glayGZ5epQctvwehXPI9r5oRK7o06vZ6d6XJXNy_B35V-NIfKnsbD6sbg9oW4vlzESUqjtMEecA,CECQCAIBCYAQEAYFAEEACGABBABRGBABAMJRIGJGAMAQCAIFAEDACJYDAEBQ6JJHAUAQMAIYAEDAGGQBA4AQQAIIAEJQEBADBAHQ,Bilgewater|F08|F26|Freljord|Noxus,39,18,,,,,"[{""c"":""01FR022"",""n"":3},{""c"":""02NX005"",""n"":3},{""c"":""08FR024"",""n"":3},{""c"":""08NX019"",""n"":3},{""c"":""01NX019"",""n"":3},{""c"":""01NX020"",""n"":3},{""c"":""01NX025"",""n"":3},{""c"":""01NX038"",""n"":3},{""c"":""01FR005"",""n"":2},{""c"":""06FR039"",""n"":2},{""c"":""01NX015"",""n"":2},{""c"":""01NX037"",""n"":2},{""c"":""01NX039"",""n"":2},{""c"":""01BW001"",""n"":1},{""c"":""24FR006"",""n"":1},{""c"":""03F26001"",""n"":1},{""c"":""07FR008"",""n"":1},{""c"":""01F08001"",""n"":1}]"
2026-04-18,9,mbrookz,372.0,iMQDykjthqoztGrFSrHwtphL2pV9BIrGgAz1EIFDSRHTboYbSYy9SPFPyLCvPzq3i5PdNMVJIeWEiA,CUCQCAYECMAQMCRLAEDQYDYBBEDQYAQBAEEBABIBAEARSAIBAMRACAIECQAQEAIDAECAO3ILAEAQAMIBAEBAKAIBAUSQCAQGBIAQGCJHAECACDYBAUFIYAIBAYARKAIIAQMQCCIBBIBAIBZRHM,Bandle City|F21|F39|Freljord|Ionia|Noxus|Piltover & Zaun|Runeterra|Shadow Isles|Shurima,39,22,,,,,"[{""c"":""03PZ019"",""n"":3},{""c"":""06BC043"",""n"":3},{""c"":""07RU015"",""n"":3},{""c"":""09SH012"",""n"":3},{""c"":""01FR008"",""n"":3},{""c"":""01FR016"",""n"":3},{""c"":""01FR025"",""n"":2},{""c"":""01NX034"",""n"":2},{""c"":""01PZ020"",""n"":2},{""c"":""02FR003"",""n"":2},{""c"":""04SH109"",""n"":2},{""c"":""01FR000"",""n"":1},{""c"":""49FR001"",""n"":1},{""c"":""02SI001"",""n"":1},{""c"":""01SI037"",""n"":1},{""c"":""01IO006"",""n"":1},{""c"":""10FR003"",""n"":1},{""c"":""09F39001"",""n"":1},{""c"":""04FR015"",""n"":1},{""c"":""01SI010"",""n"":1},{""c"":""140FR006"",""n"":1},{""c"":""01F21001"",""n"":1}]"
2026-04-18,12,Barbaronte,300.0,9a2qB8uTMNBKODgBHYOYsiFBKF34wGbJqeLclag9IqdLeNQMkyJqQ0bKJX8uos1ZzoXkuPnf2YM41Q,CUCQCAIECQAQEAIDAEDAUKYBA4GA6AQBAEEBABIBAEARSAIEAEHQCBQJFMAQSAIKAMBQSDJTKUEACAIAGEAQCAQFAEAQGIQBAECSKAIDBETQCAYECMAQMAIVAEDASIY,Bandle City|F39|Freljord|Mount Targon|Noxus|Piltover & Zaun|Runeterra|Shadow Isles,40,21,,,,,"[{""c"":""01PZ020"",""n"":3},{""c"":""02FR003"",""n"":3},{""c"":""06BC043"",""n"":3},{""c"":""07RU015"",""n"":3},{""c"":""01FR008"",""n"":3},{""c"":""01FR016"",""n"":3},{""c"":""01FR025"",""n"":2},{""c"":""04FR015"",""n"":2},{""c"":""06MT043"",""n"":2},{""c"":""09FR010"",""n"":2},{""c"":""03MT013"",""n"":2},{""c"":""03MT051"",""n"":2},{""c"":""03MT085"",""n"":2},{""c"":""01FR000"",""n"":1},{""c"":""49FR001"",""n"":1},{""c"":""02SI001"",""n"":1},{""c"":""01NX034"",""n"":1},{""c"":""01FR005"",""n"":1},{""c"":""37FR003"",""n"":1},{""c"":""09F39001"",""n"":1},{""c"":""03PZ019"",""n"":1}]"
2026-04-18,16,hungrylouna129,266.0,4DksskDtcvxtt8JMYwyNMjIIbmau_tz4KwUT-zwcbizxUo3ZMm990UGyxvJ8PHKAEDre0lfPtNGyMw,CECACAIDEEBAQAITDABQCAIWEYUQGBADAQEA6BABAEBR6AIDAEBACBQBCIBQCAILDYVACAIBAMZQ,Freljord|Noxus,40,16,,,,,"[{""c"":""01NX033"",""n"":3},{""c"":""08FR019"",""n"":3},{""c"":""08FR024"",""n"":3},{""c"":""01FR022"",""n"":3},{""c"":""01FR038"",""n"":3},{""c"":""01FR041"",""n"":3},{""c"":""04NX004"",""n"":3},{""c"":""04NX008"",""n"":3},{""c"":""04NX015"",""n"":3},{""c"":""01NX031"",""n"":2},{""c"":""03FR002"",""n"":2},{""c"":""06FR018"",""n"":2},{""c"":""01FR011"",""n"":2},{""c"":""01FR030"",""n"":2},{""c"":""01FR042"",""n"":2},{""c"":""01FR003"",""n"":1}]"
2026-04-18,23,cloite,184.0,S5FeQ_9nYTSQwyzmssTeHjZtfnkDOY3-IkDlNjCoY-lrZ1-TX6gxgYaqnpjF5OIyCnEyB_-uuFMDVg,CEDACBQAGAAQMARDAEEQENICAEAASIACAQAAGCADAEBBGIBRAQAQCAA2AEAQEJIBAQAAEAIIAADAEAIBAA2ACBACBU,Demacia|Freljord|Ionia,40,16,,,,,"[{""c"":""06DE048"",""n"":3},{""c"":""06IO035"",""n"":3},{""c"":""09IO053"",""n"":3},{""c"":""01DE009"",""n"":3},{""c"":""01DE032"",""n"":3},{""c"":""04DE003"",""n"":3},{""c"":""04DE008"",""n"":3},{""c"":""01IO019"",""n"":3},{""c"":""01IO032"",""n"":3},{""c"":""01IO049"",""n"":3},{""c"":""01DE026"",""n"":2},{""c"":""01IO037"",""n"":2},{""c"":""04DE002"",""n"":2},{""c"":""08DE006"",""n"":2},{""c"":""01FR000"",""n"":1},{""c"":""52FR004"",""n"":1}]"
2026-04-18,26,Mzhkm,173.0,wKRwXzXitOo8tiys3ThWEcY6NOqbxCgRL6LZa2_S69LCgiqhZdeCqkDtBim83OCOSHJ0lI82rvz5uA,CEBQCCABCMBQKBACAYHAIAIEBAMTIOQGAEBQCAQBAMCAWAIEAEFACBIEBIAQQBAYAIAQCBBKAIAQCAI6AEEACGA,Freljord|Piltover & Zaun,40,17,,,,,"[{""c"":""08FR019"",""n"":3},{""c"":""05PZ002"",""n"":3},{""c"":""05PZ006"",""n"":3},{""c"":""05PZ014"",""n"":3},{""c"":""01PZ008"",""n"":3},{""c"":""01PZ025"",""n"":3},{""c"":""01PZ052"",""n"":3},{""c"":""01PZ058"",""n"":3},{""c"":""03FR002"",""n"":2},{""c"":""03PZ011"",""n"":2},{""c"":""04FR010"",""n"":2},{""c"":""05PZ010"",""n"":2},{""c"":""08PZ024"",""n"":2},{""c"":""01FR004"",""n"":2},{""c"":""01FR042"",""n"":2},{""c"":""01FR001"",""n"":1},{""c"":""30FR008"",""n"":1}]"
2026-04-18,28,ZequiSlo,158.0,sDHVIztIwYIUMUMQMbtW8_F0xNYe4ZkpSBHW9D2r8pxioi2rKuddbjA33gjylSaOO6jIvO4FCZQXRg,CEBAEBIEAYHAIAIEBAMTIOQFAECACCQBBACBQAQFAQBAUAQIAEJRQBABAECBMHRKAIAQCAIBAECACDA,Freljord|Piltover & Zaun,40,18,52.5,35.0,12.5,aggro,"[{""c"":""05PZ006"",""n"":3},{""c"":""05PZ014"",""n"":3},{""c"":""01PZ008"",""n"":3},{""c"":""01PZ025"",""n"":3},{""c"":""01PZ052"",""n"":3},{""c"":""01PZ058"",""n"":3},{""c"":""04FR010"",""n"":2},{""c"":""08PZ024"",""n"":2},{""c"":""05PZ002"",""n"":2},{""c"":""05PZ010"",""n"":2},{""c"":""08FR019"",""n"":2},{""c"":""08FR024"",""n"":2},{""c"":""01FR004"",""n"":2},{""c"":""01FR022"",""n"":2},{""c"":""01FR030"",""n"":2},{""c"":""01FR042"",""n"":2},{""c"":""01FR001"",""n"":1},{""c"":""01FR004"",""n"":1}]"
2026-04-18,31,Thir,154.0,PSn5jNtfV5cPKB1w5tU3K4_C3dNJ9MQC0F7qfI93H6EPCuf1SM32zjIn7YY3xzuflYfagd4d7Fr5gg,CIDACBAGBUAQKBQBAEDAMHQCAMESGWACAYEQQIYDAIDBQKBXAQAQEBQJAEBQSDIBAQEQKAIGBEIQCAQGBEDCW,Bilgewater|Mount Targon,39,15,,,,,"[{""c"":""04BW013"",""n"":3},{""c"":""05BW001"",""n"":3},{""c"":""06BW030"",""n"":3},{""c"":""03MT035"",""n"":3},{""c"":""03MT088"",""n"":3},{""c"":""06MT008"",""n"":3},{""c"":""06MT035"",""n"":3},{""c"":""02BW024"",""n"":3},{""c"":""02BW040"",""n"":3},{""c"":""02BW055"",""n"":3},{""c"":""02BW009"",""n"":2},{""c"":""03MT013"",""n"":2},{""c"":""04MT005"",""n"":2},{""c"":""06MT017"",""n"":2},{""c"":""02BW009"",""n"":1}]"
2026-04-24,32,waitimplaying,149.0,_azDPaOzvLiVWYOIu_tqeRsKBR8jGB0PqWIwKWT4Q7tkGYQL315DorDP9xtQYmJXyLKmpxH_bxvxjA,CECQCAYBAIAQQAIYAIAQCFRGAIAQGHZBAMCAGAQEB4CACBADBAAQMAI4AEEACEYDAEAQCCY6AEAQQAAG,F08|Freljord|Noxus,40,16,,,,,"[{""c"":""03FR002"",""n"":3},{""c"":""08FR024"",""n"":3},{""c"":""01FR022"",""n"":3},{""c"":""01FR038"",""n"":3},{""c"":""01NX031"",""n"":3},{""c"":""01NX033"",""n"":3},{""c"":""04NX002"",""n"":3},{""c"":""04NX004"",""n"":3},{""c"":""04NX015"",""n"":3},{""c"":""04NX008"",""n"":2},{""c"":""06FR028"",""n"":2},{""c"":""08FR019"",""n"":2},{""c"":""01FR001"",""n"":2},{""c"":""01FR011"",""n"":2},{""c"":""01FR030"",""n"":2},{""c"":""01F08000"",""n"":1}]"
2026-04-24,33,PirataDoDavila,149.0,Xb_TdoxL4oP0ryHVyoAfdih7QCTf2cN13JQwZgkYuFuqm_Qv5D45sI2qRBrRPzWspxrHy4EzSpFnYQ,CEDQCAYFBYAQIAQOAECQEGQBAYCRAAIIAILQCCIFBUCACAQGCENTSAQBAECTCAYGAUOCKJQBAIDAKAYP,Bilgewater|Ionia|Shadow Isles,39,15,,,,,"[{""c"":""03SI014"",""n"":3},{""c"":""04IO014"",""n"":3},{""c"":""05IO026"",""n"":3},{""c"":""06SI016"",""n"":3},{""c"":""08IO023"",""n"":3},{""c"":""09SI013"",""n"":3},{""c"":""01IO006"",""n"":3},{""c"":""01IO017"",""n"":3},{""c"":""01IO027"",""n"":3},{""c"":""01IO057"",""n"":3},{""c"":""01SI049"",""n"":2},{""c"":""06SI028"",""n"":2},{""c"":""06SI037"",""n"":2},{""c"":""06SI038"",""n"":2},{""c"":""02BW005"",""n"":1}]"
2026-04-24,35,MarioBat,146.0,LfF_0N00I--nj6QsgNhJxuiuZ920FYOhYtM2t9oHdiPMyKLXruSjpjn7QMj2ydxhN_cXaPVOKLKfvA,CQDACAYFBUAQOBICAEEQUFABBECQ2AYGAUUC2LQGAECQCAYOCAPDKAABAEAQKDY,Bandle City|Freljord|Shadow Isles,40,14,,,,,"[{""c"":""03SI013"",""n"":3},{""c"":""07SI002"",""n"":3},{""c"":""09BC020"",""n"":3},{""c"":""09SI013"",""n"":3},{""c"":""06SI040"",""n"":3},{""c"":""06SI045"",""n"":3},{""c"":""06SI046"",""n"":3},{""c"":""01SI001"",""n"":3},{""c"":""01SI003"",""n"":3},{""c"":""01SI014"",""n"":3},{""c"":""01SI016"",""n"":3},{""c"":""01SI030"",""n"":3},{""c"":""01SI053"",""n"":3},{""c"":""01FR005"",""n"":1}]"
2026-04-24,37,Evilkyatt,141.0,VIhWFnBFEMr4EV5Wso7qWAXeLXjX7AsH9jGXBsQMzElxqWDkmhYduySwqjiw2LKgm8Vl4x7vCePEVA,CIEACAIEFUAQKAAMAEDAMHIBA4AAKAIIAAFACCAJAMBAMAAVDQBAMBAIEYBQCAQAAIAQIAADAIDAABQKAIAQKBBGAEDAAGA,Bilgewater|Demacia|Freljord|Mount Targon|Piltover & Zaun|Shadow Isles,40,16,,,,,"[{""c"":""01PZ045"",""n"":3},{""c"":""05DE012"",""n"":3},{""c"":""06BW029"",""n"":3},{""c"":""07DE005"",""n"":3},{""c"":""08DE010"",""n"":3},{""c"":""08MT003"",""n"":3},{""c"":""06DE021"",""n"":3},{""c"":""06DE028"",""n"":3},{""c"":""06PZ008"",""n"":3},{""c"":""06PZ038"",""n"":3},{""c"":""02DE002"",""n"":2},{""c"":""04DE003"",""n"":2},{""c"":""06DE006"",""n"":2},{""c"":""06DE010"",""n"":2},{""c"":""01SI004"",""n"":1},{""c"":""38FR006"",""n"":1}]"
2026-04-24,38,SrdasParanga,141.0,A6p0IhoXbKSbKc-2OXF6DXbe0qG3fpxRZCpsYFt1DN6_mDyJLL-Lt1WMvuIRkpGW91CVR0Ta7bAc1Q,CEDQCAIBBQAQCARJAEBQCFQBAMBBGAIGAIWAEBQBEQUQGBYCBMIRIBABAEASUAIFAIDACBQBEYBAOAQTFEAA,Freljord|Ionia,40,15,,,,,"[{""c"":""01FR012"",""n"":3},{""c"":""01IO041"",""n"":3},{""c"":""03FR022"",""n"":3},{""c"":""03IO019"",""n"":3},{""c"":""06IO044"",""n"":3},{""c"":""06FR036"",""n"":3},{""c"":""06FR041"",""n"":3},{""c"":""07IO011"",""n"":3},{""c"":""07IO017"",""n"":3},{""c"":""07IO020"",""n"":3},{""c"":""01FR042"",""n"":2},{""c"":""05IO006"",""n"":2},{""c"":""06FR038"",""n"":2},{""c"":""07IO019"",""n"":2},{""c"":""07IO041"",""n"":2}]"
2026-04-26,43,Davebo,129.0,VLKpCAmlUM3NEPhfXqQhNpavrwVpFqBTl0XhrDvMARySiqz6PJyEtbCAExJgF-KsxVkqbVZgpxDFSQ,CICQCAYEDEBAEBQJDIBQCBBHFU2AGCAGBALRSAYIAQCQQEQAAQAQEBADAECAMEABBADAEAIIAQKA,Bilgewater|F16|Freljord|Ionia|Piltover & Zaun,40,16,,,,,"[{""c"":""03PZ025"",""n"":3},{""c"":""02BW009"",""n"":3},{""c"":""02BW026"",""n"":3},{""c"":""01PZ039"",""n"":3},{""c"":""01PZ045"",""n"":3},{""c"":""01PZ052"",""n"":3},{""c"":""08BW008"",""n"":3},{""c"":""08BW023"",""n"":3},{""c"":""08BW025"",""n"":3},{""c"":""08PZ005"",""n"":3},{""c"":""08PZ008"",""n"":3},{""c"":""08PZ018"",""n"":3},{""c"":""01IO004"",""n"":1},{""c"":""03FR004"",""n"":1},{""c"":""06F16001"",""n"":1},{""c"":""08BW002"",""n"":1}]"
2026-04-26,51,Worst Jangle NA,115.0,Jsv9vweO73ILxpP8Pe_6VWshG6-jpMFZxZkQkgI1HIGXjlG7ftk3XiHUN1J0NIXGivYj_x7JyDDa8g,CQCQCAIBCYAQEBROAEEAUAQCAUFAKHICBAARGGAGAECACCQBAYFCQAIGAEMACBYKBEBACAIFFIBAKCVGAHJACAQBAYFBOAQFBIJ5KAI,Bandle City|Bilgewater|Freljord|Ionia,39,17,,,,,"[{""c"":""01FR022"",""n"":3},{""c"":""02BW046"",""n"":3},{""c"":""08BC002"",""n"":3},{""c"":""05BC005"",""n"":3},{""c"":""05BC029"",""n"":3},{""c"":""08FR019"",""n"":3},{""c"":""08FR024"",""n"":3},{""c"":""04FR010"",""n"":2},{""c"":""06BC040"",""n"":2},{""c"":""06FR024"",""n"":2},{""c"":""07BC009"",""n"":2},{""c"":""01FR005"",""n"":2},{""c"":""01FR042"",""n"":2},{""c"":""05BC166"",""n"":2},{""c"":""05BC210"",""n"":2},{""c"":""01BW010"",""n"":1},{""c"":""23IO005"",""n"":1}]"
2026-04-26,52,Jøsst,115.0,XHgsBjE5uwO_L_s6vYm5QzqxMmbjlkVTwRtUnzCdk3V-FSoUuUKB2BdR96DUg93RoTQLjljQ35bjTg,CIBQCAYABMAQGCKXAECAADQIAEBQABQBAUAAYAIGAAYACBQJFMAQOAAFAEDQSAYCAEAASGQEAMEQGDRTMQBQCCAJDABQGAAHBAHAGAYJENKFK,Demacia|F08|Mount Targon|Noxus|Shurima,36,18,,,,,"[{""c"":""03DE011"",""n"":3},{""c"":""03MT087"",""n"":3},{""c"":""04DE014"",""n"":3},{""c"":""03DE006"",""n"":2},{""c"":""05DE012"",""n"":2},{""c"":""06DE048"",""n"":2},{""c"":""06MT043"",""n"":2},{""c"":""07DE005"",""n"":2},{""c"":""07MT003"",""n"":2},{""c"":""01DE009"",""n"":2},{""c"":""01DE026"",""n"":2},{""c"":""03MT003"",""n"":2},{""c"":""03MT014"",""n"":2},{""c"":""03MT051"",""n"":2},{""c"":""03MT100"",""n"":2},{""c"":""01F08009"",""n"":1},{""c"":""24NX003"",""n"":1},{""c"":""00SH008"",""n"":1}]"
2026-04-26,54,superguh,111.0,TqicWWZomh_rA1Qn7vOBlPdqU3-JB79cAEZHeRK39ZUlLFDVD-yOPZvOAkDOE2V9wqqW_wNtl_RwHA,CQCACBIKGEAQMBBOAIAQINBYAMCQIFQYDEDACAIECAAQGBALAEDQUCIBBEFBIAQFBIA5CAICAUCBWHYCAECAIDYCAUCBKGQ,Bandle City|Ionia|Piltover & Zaun,39,17,,,,,"[{""c"":""05BC049"",""n"":3},{""c"":""06PZ046"",""n"":3},{""c"":""01PZ052"",""n"":3},{""c"":""01PZ056"",""n"":3},{""c"":""05PZ022"",""n"":3},{""c"":""05PZ024"",""n"":3},{""c"":""05PZ025"",""n"":3},{""c"":""01PZ016"",""n"":2},{""c"":""03PZ011"",""n"":2},{""c"":""07BC009"",""n"":2},{""c"":""09BC020"",""n"":2},{""c"":""05BC001"",""n"":2},{""c"":""05BC209"",""n"":2},{""c"":""05PZ027"",""n"":2},{""c"":""05PZ031"",""n"":2},{""c"":""01PZ004"",""n"":1},{""c"":""15IO005"",""n"":1}]"
2026-04-26,60,Edgy Dank Memer,103.0,F74AKcKMmPGOnYg66v1j86wCa8V6a1aGJrZDLcyWZ85FJLfiGjvMJR1wC_Nzsz-vWuaUikoWp-d0eg,CEDACAIFAEAQGAIWAEEACAICAYASIKIDAQCTKNZYAQAQCDAXFI2AEAIBAUOQCBYFAEAA,Freljord|Shadow Isles,40,14,,,,,"[{""c"":""01SI001"",""n"":3},{""c"":""03FR022"",""n"":3},{""c"":""08FR001"",""n"":3},{""c"":""06FR036"",""n"":3},{""c"":""06FR041"",""n"":3},{""c"":""04SI053"",""n"":3},{""c"":""04SI055"",""n"":3},{""c"":""04SI056"",""n"":3},{""c"":""01FR012"",""n"":3},{""c"":""01FR023"",""n"":3},{""c"":""01FR042"",""n"":3},{""c"":""01FR052"",""n"":3},{""c"":""01SI029"",""n"":2},{""c"":""07SI001"",""n"":2}]"
2026-04-26,69,BGA Clid,100.0,4-9P1VbSk7i2bErv7Z6CwNg1mTZhRy3kIVpZ75hfxgd8nFwHQn_4kNsnECo-RwsLfvtgVXE4Ozy-TA,CECQCAIEGQAQKAAMAEDAILQCAEACQKQDAUCBMGI2AQAQGBALAEDQABIBBAAAMBAFAQKRQGY7AEBACAA2FE,Demacia|Freljord|Piltover & Zaun,39,16,,,,,"[{""c"":""01PZ052"",""n"":3},{""c"":""05DE012"",""n"":3},{""c"":""06PZ046"",""n"":3},{""c"":""01DE040"",""n"":3},{""c"":""01DE042"",""n"":3},{""c"":""05PZ022"",""n"":3},{""c"":""05PZ025"",""n"":3},{""c"":""05PZ026"",""n"":3},{""c"":""03PZ011"",""n"":2},{""c"":""07DE005"",""n"":2},{""c"":""08DE006"",""n"":2},{""c"":""05PZ021"",""n"":2},{""c"":""05PZ024"",""n"":2},{""c"":""05PZ027"",""n"":2},{""c"":""05PZ031"",""n"":2},{""c"":""02FR000"",""n"":1}]"
2026-04-26,71,Estudante de Mat,100.0,rUh-MxR_6Nd3cz6xcl8hbvAwoxH_jZHnM-5moWJhC4Xr8z4WEinjVmQNf21wGbqwDytgVuZX_XN4Wg,CUFACAIEGYAQEBR4AEBQKBQBAQEQ2AIFAEDACBQCAMAQMAYMAEDAYAQCAIBQGBADAEBQEDBIAAAQCAIDFY,Bilgewater|Freljord|Ionia|Mount Targon|Noxus|Piltover & Zaun|Runeterra|Shadow Isles,40,14,70.0,22.5,7.5,aggro,"[{""c"":""01PZ054"",""n"":3},{""c"":""02BW060"",""n"":3},{""c"":""03SI006"",""n"":3},{""c"":""04MT013"",""n"":3},{""c"":""05FR006"",""n"":3},{""c"":""06IO003"",""n"":3},{""c"":""06NX012"",""n"":3},{""c"":""06RU002"",""n"":3},{""c"":""02NX003"",""n"":3},{""c"":""02NX004"",""n"":3},{""c"":""01NX002"",""n"":3},{""c"":""01NX012"",""n"":3},{""c"":""01NX040"",""n"":3},{""c"":""01FR003"",""n"":1}]"
2026-04-26,72,Swiss Voulge,100.0,5Ekucr8sZhwq2CAYxc3g9EEZkMPtR8iDm3cOdX2MuZNrTn8fhTXOsvOZnOdVudi0Vu-ev4UavO7kMw,CEDQCAICFMAQEAQJAEBQGAYBBABQWAQGAMGCIAYBAMGA6KAEAYBAGCAODUAACAIGAIHQ,Bilgewater|Ionia|Noxus,40,14,,,,,"[{""c"":""01IO043"",""n"":3},{""c"":""02IO009"",""n"":3},{""c"":""03NX003"",""n"":3},{""c"":""08NX011"",""n"":3},{""c"":""06NX012"",""n"":3},{""c"":""06NX036"",""n"":3},{""c"":""01NX012"",""n"":3},{""c"":""01NX015"",""n"":3},{""c"":""01NX040"",""n"":3},{""c"":""06IO003"",""n"":3},{""c"":""06IO008"",""n"":3},{""c"":""06IO014"",""n"":3},{""c"":""06IO029"",""n"":3},{""c"":""01BW002"",""n"":1}]"
2026-04-27,73,Carrot Spirit,100.0,NF9ZwowvSyBz45YcetDzIlsyVLSXCW7enL4zTVyKjr2XKr2XBFWy1fc_CdtXAjFtiOBxXQRJAYTRUA,CQDACAQDAMAQMCQ2AEDAGKIBBEFAWBABAMBAYKBXAQCQUBZJUMA2MAICAEAQGGIBAUFHIAA,Bandle City|Noxus,40,14,,,,,"[{""c"":""02NX003"",""n"":3},{""c"":""06BC026"",""n"":3},{""c"":""06NX041"",""n"":3},{""c"":""09BC011"",""n"":3},{""c"":""01NX002"",""n"":3},{""c"":""01NX012"",""n"":3},{""c"":""01NX040"",""n"":3},{""c"":""01NX055"",""n"":3},{""c"":""05BC007"",""n"":3},{""c"":""05BC041"",""n"":3},{""c"":""05BC163"",""n"":3},{""c"":""05BC166"",""n"":3},{""c"":""01NX025"",""n"":2},{""c"":""05BC116"",""n"":2}]"
2026-04-27,78,ThePeterJ,100.0,bPnRARyfsq_ASQlcALbXWm_d6QwD_ouVJq3On-6b5BOF7uKYmJ5bnffsS30CviSjGqa7PZgAWQKb1A,CECACAIDD4AQQAIYAICAGBAPAMAQCFQ6EYDACAIDEEAQIAYIAEDACEQBBAAAMAIIAEJQGAIBAEFSSAYBAMAQEAIEAMBACBQAAY,Demacia|Freljord|Ionia|Noxus,40,18,,,,,"[{""c"":""01NX031"",""n"":3},{""c"":""08FR024"",""n"":3},{""c"":""04NX004"",""n"":3},{""c"":""04NX015"",""n"":3},{""c"":""01FR022"",""n"":3},{""c"":""01FR030"",""n"":3},{""c"":""01FR038"",""n"":3},{""c"":""01NX033"",""n"":2},{""c"":""04NX008"",""n"":2},{""c"":""06FR018"",""n"":2},{""c"":""08DE006"",""n"":2},{""c"":""08FR019"",""n"":2},{""c"":""01FR001"",""n"":2},{""c"":""01FR011"",""n"":2},{""c"":""01FR041"",""n"":2},{""c"":""01NX001"",""n"":1},{""c"":""02FR004"",""n"":1},{""c"":""03IO001"",""n"":1}]"
2026-04-27,81,DK catmonX,100.0,bpoOMszo_WlxKnKHIgrSIt2tLo8-wImxEaWLM6K5lD3h_8aVXxLxbNAmKFG-nWUpVs4vaGxe6iYz3w,CQCACBIKXQAQCBQHAUAQOBZOAUCAOAI4J5JWIAQBAQDV2AIFBLDACBQBAECAQAIIBIDAEBAHHOBACAQHBICQ6AYFBINSRJABAMDAOMBRHA,Bandle City|Bilgewater|Freljord|Ionia|Shadow Isles|Shurima,34,16,,,,,"[{""c"":""05BC188"",""n"":3},{""c"":""06SH005"",""n"":3},{""c"":""07SH046"",""n"":3},{""c"":""04SH001"",""n"":3},{""c"":""04SH028"",""n"":3},{""c"":""04SH079"",""n"":3},{""c"":""04SH083"",""n"":3},{""c"":""04SH100"",""n"":3},{""c"":""04SH093"",""n"":2},{""c"":""05BC198"",""n"":2},{""c"":""01FR004"",""n"":1},{""c"":""08FR008"",""n"":1},{""c"":""10BW002"",""n"":1},{""c"":""04SH059"",""n"":1},{""c"":""130IO007"",""n"":1},{""c"":""10SI015"",""n"":1}]"
2026-04-27,87,Kidrobot123,100.0,GGgM83nY2yjo8GRYdcY5-_C1fzPnQr8h6htZVFs3CSPZbiBv9fHW5AGWk06pyekwDQTitQueVleKdA,CUDACAQBAMAQGBATAEDAUKYBA4GA6AIIAIFAGAIBBAIBSAYBAEBAEAIBAQKACCIBBIEQCAIAGEAQCAZCAEBAMCQBAQAQ6AIEA4YQCBQBCUAQOAQUAEEAIGICAEBAKLQ,Bandle City|Bilgewater|F34|F49|Freljord|Ionia|Piltover & Zaun|Runeterra|Shurima,39,20,,,,,"[{""c"":""02FR003"",""n"":3},{""c"":""03PZ019"",""n"":3},{""c"":""06BC043"",""n"":3},{""c"":""07RU015"",""n"":3},{""c"":""08IO010"",""n"":3},{""c"":""01FR008"",""n"":3},{""c"":""01FR016"",""n"":3},{""c"":""01FR025"",""n"":3},{""c"":""01IO002"",""n"":2},{""c"":""01PZ020"",""n"":2},{""c"":""09FR010"",""n"":2},{""c"":""01FR000"",""n"":1},{""c"":""49FR001"",""n"":1},{""c"":""03F34001"",""n"":1},{""c"":""02BW010"",""n"":1},{""c"":""01PZ001"",""n"":1},{""c"":""15FR004"",""n"":1},{""c"":""07F49001"",""n"":1},{""c"":""06FR021"",""n"":1},{""c"":""01SH002"",""n"":1}]"
2026-04-27,96,netinho99,74.0,pv-ejnBJpvr2-uknjMz4mPMiw3R4DenY9PoZl1KIB13JDHHA0bveLZ52rxlSXCMHyWvTBN-0c4ubjw,CQDQCBQCEAAQQCQGAEEQOCQCAMBASFACAQDSOSICAYDQKMADBEBC2MZ2AEAQQAQKAIAQCARRAECAO3I,Bandle City|Freljord|Ionia|Shurima,40,15,,,,,"[{""c"":""06IO032"",""n"":3},{""c"":""08BC006"",""n"":3},{""c"":""09SH010"",""n"":3},{""c"":""03IO009"",""n"":3},{""c"":""03IO020"",""n"":3},{""c"":""04SH039"",""n"":3},{""c"":""04SH073"",""n"":3},{""c"":""06SH005"",""n"":3},{""c"":""06SH048"",""n"":3},{""c"":""09IO045"",""n"":3},{""c"":""09IO051"",""n"":3},{""c"":""09IO058"",""n"":3},{""c"":""08IO010"",""n"":2},{""c"":""01FR002"",""n"":1},{""c"":""49FR004"",""n"":1}]"
2026-04-27,98,Vstorm,72.0,JpFQzWqtPpJDo8r48y6HblRG0dMn8GhRylC5B7wzHUXJ31GaT8brYA4Uitv1OdWhB1kCmC7JEk8fCg,CUDACAIBCYAQMAAGAEDAYCABA4AQSAIIAEMAGBQBAQECOBIBAYABCAIGAEFQCBQFAMAQQAAGAICACCQMAQAQCAIEAEBQCFQBAYBBYAIIAEJQ,Demacia|F22|Freljord|Ionia|Runeterra|Shadow Isles,40,18,,,,,"[{""c"":""01FR022"",""n"":3},{""c"":""06DE006"",""n"":3},{""c"":""06RU008"",""n"":3},{""c"":""07FR009"",""n"":3},{""c"":""08FR024"",""n"":3},{""c"":""06FR004"",""n"":3},{""c"":""06FR008"",""n"":3},{""c"":""06FR039"",""n"":3},{""c"":""06DE017"",""n"":2},{""c"":""06FR011"",""n"":2},{""c"":""06SI003"",""n"":2},{""c"":""08DE006"",""n"":2},{""c"":""04FR010"",""n"":2},{""c"":""04FR012"",""n"":2},{""c"":""01FR001"",""n"":1},{""c"":""04FR003"",""n"":1},{""c"":""01F22001"",""n"":1},{""c"":""06IO028"",""n"":1}]"
2026-04-27,99,DrChekhov42,70.0,1c4nwBwSyv5F1x83lL5dfhKFmmilYJSGA5t0If7XkaoDeMUcqouHaokbFO8-2k5ClT0A1DDCqeWjkw,CIEACAIDCQAQCBBUAEBQIBIBAYDB2AIHAMHACBYEBEAQQAYMAMBAGAIHBEBACAYEBMBAKBAYDEBQCAIDFMAQKBBGAIBAGAYI,Bilgewater|F38|Freljord|Noxus|Piltover & Zaun,39,16,,,,,"[{""c"":""01NX020"",""n"":3},{""c"":""01PZ052"",""n"":3},{""c"":""03PZ005"",""n"":3},{""c"":""06BW029"",""n"":3},{""c"":""07NX014"",""n"":3},{""c"":""07PZ009"",""n"":3},{""c"":""08NX012"",""n"":3},{""c"":""02NX001"",""n"":3},{""c"":""02NX007"",""n"":3},{""c"":""02NX009"",""n"":3},{""c"":""03PZ011"",""n"":2},{""c"":""05PZ024"",""n"":2},{""c"":""05PZ025"",""n"":2},{""c"":""01FR003"",""n"":1},{""c"":""43FR005"",""n"":1},{""c"":""04F38002"",""n"":1}]"
2026-04-27,103,Sly Red Fox,63.0,qNGovuOe08n5NBGIEcT_dIfURM1u8IzaHv10QLvx21USMMmEfqS3Pf7tdM7_gh9Hxo-sVjCBaXMUCQ,CQDACAIDFYAQEAYJAEEQUFACAECR2KACAYCQYLQDAYBQYDQ4AMAQCAZLAEAQKMIBAQCTQBABAECSCAIDAMGQCAYFAIAQMBJF,Bandle City|F13|Freljord|Noxus|Shadow Isles,40,17,,,,,"[{""c"":""01NX046"",""n"":3},{""c"":""02NX009"",""n"":3},{""c"":""09BC020"",""n"":3},{""c"":""01SI029"",""n"":3},{""c"":""01SI040"",""n"":3},{""c"":""06SI012"",""n"":3},{""c"":""06SI046"",""n"":3},{""c"":""06NX012"",""n"":3},{""c"":""06NX014"",""n"":3},{""c"":""06NX028"",""n"":3},{""c"":""01NX043"",""n"":2},{""c"":""01SI049"",""n"":2},{""c"":""04SI056"",""n"":2},{""c"":""01FR005"",""n"":1},{""c"":""33FR003"",""n"":1},{""c"":""03F13001"",""n"":1},{""c"":""03SI002"",""n"":1}]"
2026-04-27,110,NotreDammit,53.0,Ik2qUvSnwi86IeXEu5fiNj4mTgE6LR2fHlKi_J1gS05olorTm2il2QpyaTh-gdM17lDLdfXLjcZ3lw,CQCQCCAKAUAQQBAYAICQIAQGAIDQUCIUAMAQICAZGQBQCAQEBIAQKBAOAIAQINJ2AQAQKCSGAEDAUGQBAYCCWAQFAQFA2,Bandle City|F26|Freljord|Piltover & Zaun|Shadow Isles,39,17,,,,,"[{""c"":""08BC005"",""n"":3},{""c"":""08PZ024"",""n"":3},{""c"":""05PZ002"",""n"":3},{""c"":""05PZ006"",""n"":3},{""c"":""07BC009"",""n"":3},{""c"":""07BC020"",""n"":3},{""c"":""01PZ008"",""n"":3},{""c"":""01PZ025"",""n"":3},{""c"":""01PZ052"",""n"":3},{""c"":""02PZ010"",""n"":2},{""c"":""05PZ014"",""n"":2},{""c"":""01PZ053"",""n"":2},{""c"":""01PZ058"",""n"":2},{""c"":""01SI010"",""n"":1},{""c"":""70FR006"",""n"":1},{""c"":""10F26001"",""n"":1},{""c"":""06PZ043"",""n"":1}]"
2026-04-28,111,Im Bard Out,53.0,Yz3vZckMMsL-Dws1t-3XJfGXMMs6-aF_NVmV38P_BTavVKVSeopCEa87wrihIzczQX0FLehUySyTFw,CEDQCAICBEAQIAACAECQADABAYADAAQBAAOSWAQHAACQ4BADAIAQECQRAEBACAQGHEAA,Demacia|Ionia,40,14,,,,,"[{""c"":""01IO009"",""n"":3},{""c"":""04DE002"",""n"":3},{""c"":""05DE012"",""n"":3},{""c"":""06DE048"",""n"":3},{""c"":""01DE029"",""n"":3},{""c"":""01DE043"",""n"":3},{""c"":""07DE005"",""n"":3},{""c"":""07DE014"",""n"":3},{""c"":""03IO001"",""n"":3},{""c"":""03IO002"",""n"":3},{""c"":""03IO010"",""n"":3},{""c"":""03IO017"",""n"":3},{""c"":""01IO006"",""n"":2},{""c"":""01IO057"",""n"":2}]"
2026-04-28,114,Kyo1035,44.0,1nAUNIIOPo7lSaGbshYaN3Db-aMceqGvyCbbwClP5lRyYFPTp67mI3nHPjpiQoWcrlMIFTIclO1RLA,CECAEAIBCYTAEAIDD4QQECABCMMAGBADAQEA6BABAEBRUAIGAADACBQBCIBAIAYCBIBQCAIBDYAQCAYLAEBQCAQ,Demacia|F11|Freljord|Noxus,40,17,,,,,"[{""c"":""01FR022"",""n"":3},{""c"":""01FR038"",""n"":3},{""c"":""01NX031"",""n"":3},{""c"":""01NX033"",""n"":3},{""c"":""08FR019"",""n"":3},{""c"":""08FR024"",""n"":3},{""c"":""04NX004"",""n"":3},{""c"":""04NX008"",""n"":3},{""c"":""04NX015"",""n"":3},{""c"":""01NX026"",""n"":2},{""c"":""06DE006"",""n"":2},{""c"":""06FR018"",""n"":2},{""c"":""04NX002"",""n"":2},{""c"":""04NX010"",""n"":2},{""c"":""01FR001"",""n"":1},{""c"":""30FR001"",""n"":1},{""c"":""03F11001"",""n"":1}]"
2026-04-28,117,gabriel1223,33.0,1WsbtUX9V0m0CYHe8GUY_TGfwxFuO9kepcE4_H4riGZg8gFe-EmFi3WkCuzdZ-FoaTmX5AX3t8UVdQ,CUDACAQBAMAQIAIPAEDAUKYBA4GA6AIJAEFAEAIBBAIAMAIBAQKACAIFEUAQGCJHAECQVDABAEDACFIBBACASBYBAEADCAIBAICQCAIDEIAQEBQKAEBQIEYBAQDTCAIIAQMQ,Bandle City|F19|Freljord|Ionia|Mount Targon|Noxus|Piltover & Zaun|Runeterra|Shadow Isles,40,20,,,,,"[{""c"":""02FR003"",""n"":3},{""c"":""04FR015"",""n"":3},{""c"":""06BC043"",""n"":3},{""c"":""07RU015"",""n"":3},{""c"":""09FR010"",""n"":3},{""c"":""01FR008"",""n"":3},{""c"":""01FR016"",""n"":3},{""c"":""01PZ020"",""n"":2},{""c"":""01SI037"",""n"":2},{""c"":""03MT039"",""n"":2},{""c"":""05BC140"",""n"":2},{""c"":""06FR021"",""n"":2},{""c"":""08PZ009"",""n"":2},{""c"":""01FR000"",""n"":1},{""c"":""49FR001"",""n"":1},{""c"":""02SI001"",""n"":1},{""c"":""01NX034"",""n"":1},{""c"":""01IO006"",""n"":1},{""c"":""10FR003"",""n"":1},{""c"":""04F19001"",""n"":1}]"
2026-04-28,120,Keldog,15.0,1CKHt5W262OqVUahdjh11tOI_iLOClJy8SS9v3HT9RIEWsSJ40CQAUPI_xtuajXdOFC7cdvA3xsd3A,CUDQCBIKDUAQMCJPAEDAYAIBA4FBIAIIAUKQCCIKCQBAMCQLCUCACBIKAEAQMCI5AIDAUHZPAIEAUAQGAIAQMCRLAMCQUEYUWEAQ,Bandle City|Bilgewater|Mount Targon|Noxus|Runeterra|Shadow Isles,38,16,,,,,"[{""c"":""05BC029"",""n"":3},{""c"":""06MT047"",""n"":3},{""c"":""06RU001"",""n"":3},{""c"":""07BC020"",""n"":3},{""c"":""08SI021"",""n"":3},{""c"":""09BC020"",""n"":3},{""c"":""06BC011"",""n"":3},{""c"":""06BC021"",""n"":3},{""c"":""05BC001"",""n"":2},{""c"":""06MT029"",""n"":2},{""c"":""06BC031"",""n"":2},{""c"":""06BC047"",""n"":2},{""c"":""08BC002"",""n"":2},{""c"":""08BC006"",""n"":2},{""c"":""01BW010"",""n"":1},{""c"":""43NX005"",""n"":1}]"
2026-04-28,122,DOUBLE A BATTERY,15.0,Zi0ooeaPDWtw0B9w-RjKJY0dQYd5HBm2tsJ7A8KZ8jzmtH8-2iKuFqgrLFsAhewrnQoFgRutqAx-zA,CUDQCBQKDIAQMCI5AEDAYAIBBAAAMAIIAEJQEAIBCYUQEBQBCUOAKAICAEBACBQKFQAQMCJPAEEACGACAYARQIABAECACCQ,Bandle City|Demacia|Freljord|Mount Targon|Piltover & Zaun|Runeterra,40,16,,,,,"[{""c"":""06BC026"",""n"":3},{""c"":""06MT029"",""n"":3},{""c"":""06RU001"",""n"":3},{""c"":""08DE006"",""n"":3},{""c"":""08FR019"",""n"":3},{""c"":""01FR022"",""n"":3},{""c"":""01FR041"",""n"":3},{""c"":""06FR021"",""n"":3},{""c"":""06FR028"",""n"":3},{""c"":""02FR002"",""n"":2},{""c"":""06BC044"",""n"":2},{""c"":""06MT047"",""n"":2},{""c"":""08FR024"",""n"":2},{""c"":""06FR024"",""n"":2},{""c"":""06FR032"",""n"":2},{""c"":""01PZ001"",""n"":1}]"
2026-04-28,125,ANG3L,3.0,64T_QJuxrjgymcgVU_WRi83XMzxl5n3CFbhCLnEpra1r8axDA_rRCCP2Lvk2rIRx-TL7jn-FAfdNqQ,CIDACBYJBEAQQAI6AIDACJBJAIEASAY7AMAQCDBBFICAGCIOCVLWIAABAEBQCFQ,Freljord|Mount Targon|Noxus,40,14,,,,,"[{""c"":""07MT009"",""n"":3},{""c"":""08FR030"",""n"":3},{""c"":""06FR036"",""n"":3},{""c"":""06FR041"",""n"":3},{""c"":""08MT003"",""n"":3},{""c"":""08MT031"",""n"":3},{""c"":""01FR012"",""n"":3},{""c"":""01FR033"",""n"":3},{""c"":""01FR042"",""n"":3},{""c"":""03MT014"",""n"":3},{""c"":""03MT021"",""n"":3},{""c"":""03MT087"",""n"":3},{""c"":""03MT100"",""n"":3},{""c"":""01NX001"",""n"":1}]"
2026-04-28,7,Mzhkm,511.0,wKRwXzXitOo8tiys3ThWEcY6NOqbxCgRL6LZa2_S69LCgiqhZdeCqkDtBim83OCOSHJ0lI82rvz5uA,CEBQCAICFEAQGAIWAIDQECYUBAAQCARRAEBAEBIBAUBAMAIGAIWACBYCCEAQQAITAMDACJBGFECACAIMCQLCUAQBAEAROAIDAIJQ,Freljord|Ionia,40,19,,,,,"[{""c"":""01IO041"",""n"":3},{""c"":""03FR022"",""n"":3},{""c"":""07IO011"",""n"":3},{""c"":""07IO020"",""n"":3},{""c"":""01IO049"",""n"":2},{""c"":""02IO005"",""n"":2},{""c"":""05IO006"",""n"":2},{""c"":""06IO044"",""n"":2},{""c"":""07IO017"",""n"":2},{""c"":""08FR019"",""n"":2},{""c"":""06FR036"",""n"":2},{""c"":""06FR038"",""n"":2},{""c"":""06FR041"",""n"":2},{""c"":""01FR012"",""n"":2},{""c"":""01FR020"",""n"":2},{""c"":""01FR022"",""n"":2},{""c"":""01FR042"",""n"":2},{""c"":""01FR001"",""n"":1},{""c"":""23FR003"",""n"":1}]"
2026-04-28,9,armroselund,487.0,AvHH9Z3PuNMHXtDRIB6qNKFH7fPKoZYur2Tn_8Tcqn9kEVRsfHD85_OqRAdblbmzCO7CndVSWr9dwA,CQCQCAIFGEAQKCT7AEDQUCIDBACQOJJKAYDAKDAQDMOCMLICAEDQKAQBBAFAEAA,Bandle City|Shadow Isles,40,14,,,,,"[{""c"":""01SI049"",""n"":3},{""c"":""05BC127"",""n"":3},{""c"":""07BC009"",""n"":3},{""c"":""08SI007"",""n"":3},{""c"":""08SI037"",""n"":3},{""c"":""08SI042"",""n"":3},{""c"":""06SI012"",""n"":3},{""c"":""06SI016"",""n"":3},{""c"":""06SI027"",""n"":3},{""c"":""06SI028"",""n"":3},{""c"":""06SI038"",""n"":3},{""c"":""06SI045"",""n"":3},{""c"":""07SI002"",""n"":2},{""c"":""08BC002"",""n"":2}]"
2026-04-28,15,Barbaronte,410.0,9a2qB8uTMNBKODgBHYOYsiFBKF34wGbJqeLclag9IqdLeNQMkyJqQ0bKJX8uos1ZzoXkuPnf2YM41Q,CQDACAIEGQAQKBAWAEDQUFABBAFAMAQFBIA2MAIEAYFA6EITEACQCAIEAEAQEBAGAECQVNQBAEDAILQBA4FASAA,Bandle City|Piltover & Zaun,40,15,,,,,"[{""c"":""01PZ052"",""n"":3},{""c"":""05PZ022"",""n"":3},{""c"":""07BC020"",""n"":3},{""c"":""08BC006"",""n"":3},{""c"":""05BC001"",""n"":3},{""c"":""05BC166"",""n"":3},{""c"":""06BC015"",""n"":3},{""c"":""06BC017"",""n"":3},{""c"":""06BC019"",""n"":3},{""c"":""06BC032"",""n"":3},{""c"":""01PZ001"",""n"":2},{""c"":""02PZ006"",""n"":2},{""c"":""05BC182"",""n"":2},{""c"":""06PZ046"",""n"":2},{""c"":""07BC009"",""n"":2}]"
2026-04-28,19,Scilla,376.0,vwIBeem3KeMHt2DXT689hGEUoZwydZ1S7q2GcWLHvl4GxNDmaxHhI4X25Rx9afLQ0Z4io5Xm3dC2-A,CEAAAAICAAAAMJY,Demacia,1,1,,,,,"[{""c"":""02DE000"",""n"":1}]"
2026-04-28,21,Borden,373.0,qK9glayGZ5epQctvwehXPI9r5oRK7o06vZ6d6XJXNy_B35V-NIfKnsbD6sbg9oW4vlzESUqjtMEecA,CECAEAIBCYTAEAIDD4QQECABCMMAGBADAICA6AYBAMAQEAIEAMEAEAIBDYUQEAQGAEJBYAYBAEAREKQ,Bilgewater|F28|Freljord|Noxus,37,15,,,,,"[{""c"":""01FR022"",""n"":3},{""c"":""01FR038"",""n"":3},{""c"":""01NX031"",""n"":3},{""c"":""01NX033"",""n"":3},{""c"":""08FR019"",""n"":3},{""c"":""08FR024"",""n"":3},{""c"":""04NX002"",""n"":3},{""c"":""04NX004"",""n"":3},{""c"":""04NX015"",""n"":3},{""c"":""03FR002"",""n"":2},{""c"":""04NX008"",""n"":2},{""c"":""01FR030"",""n"":2},{""c"":""01FR041"",""n"":2},{""c"":""02BW001"",""n"":1},{""c"":""18F28003"",""n"":1}]"
2026-04-28,26,TheDescendedOne,312.0,wqJCOLzA1vVNBe2YPW9IadtgQ7Zh-na8CkFIUpQYVvqOtpQJRdchMv2NMKd38jhUoG9EZrv8X1TxTw,CUEQCAIEAYAQGBQRAECQEBYBAYBRQAIHBIEQCCAKCQAQSCQUAICQUKBRAIDAUDYRAIAQKCUYAEAQOCQPAMAQMCQXAEEAUBQBBAGA4,Bandle City|Bilgewater|Freljord|Ionia|Noxus|Piltover & Zaun,40,16,,,,,"[{""c"":""01PZ006"",""n"":3},{""c"":""03BW017"",""n"":3},{""c"":""05IO007"",""n"":3},{""c"":""06NX024"",""n"":3},{""c"":""07BC009"",""n"":3},{""c"":""08BC020"",""n"":3},{""c"":""09BC020"",""n"":3},{""c"":""05BC040"",""n"":3},{""c"":""05BC049"",""n"":3},{""c"":""06BC015"",""n"":3},{""c"":""06BC017"",""n"":3},{""c"":""05BC152"",""n"":2},{""c"":""07BC015"",""n"":2},{""c"":""01BW010"",""n"":1},{""c"":""23FR008"",""n"":1},{""c"":""10BW001"",""n"":1}]"
2026-04-28,27,Vstorm,304.0,JpFQzWqtPpJDo8r48y6HblRG0dMn8GhRylC5B7wzHUXJ31GaT8brYA4Uitv1OdWhB1kCmC7JEk8fCg,CUDACAIBCYAQMAAGAEDAYCABA4AQSAIIAEMAGBQBAQECOBIBAYABCAIGAEFQCBQFAMAQQAAGAICACCQMAQAQCAIEAEBQCFQBAYBBYAIIAEJQ,Demacia|F22|Freljord|Ionia|Runeterra|Shadow Isles,40,18,,,,,"[{""c"":""01FR022"",""n"":3},{""c"":""06DE006"",""n"":3},{""c"":""06RU008"",""n"":3},{""c"":""07FR009"",""n"":3},{""c"":""08FR024"",""n"":3},{""c"":""06FR004"",""n"":3},{""c"":""06FR008"",""n"":3},{""c"":""06FR039"",""n"":3},{""c"":""06DE017"",""n"":2},{""c"":""06FR011"",""n"":2},{""c"":""06SI003"",""n"":2},{""c"":""08DE006"",""n"":2},{""c"":""04FR010"",""n"":2},{""c"":""04FR012"",""n"":2},{""c"":""01FR001"",""n"":1},{""c"":""04FR003"",""n"":1},{""c"":""01F22001"",""n"":1},{""c"":""06IO028"",""n"":1}]"
2026-04-28,28,hungrylouna129,298.0,4DksskDtcvxtt8JMYwyNMjIIbmau_tz4KwUT-zwcbizxUo3ZMm990UGyxvJ8PHKAEDre0lfPtNGyMw,CIDQCBAGBUAQKBQBAEDAMHQBBEDBYAQDBERVQAQGBEECGBACAYERQKBXAEAQGCINAEBAMCIGFM,Bilgewater|Mount Targon,39,14,,,,,"[{""c"":""04BW013"",""n"":3},{""c"":""05BW001"",""n"":3},{""c"":""06BW030"",""n"":3},{""c"":""09BW028"",""n"":3},{""c"":""03MT035"",""n"":3},{""c"":""03MT088"",""n"":3},{""c"":""06MT008"",""n"":3},{""c"":""06MT035"",""n"":3},{""c"":""02BW009"",""n"":3},{""c"":""02BW024"",""n"":3},{""c"":""02BW040"",""n"":3},{""c"":""02BW055"",""n"":3},{""c"":""03MT013"",""n"":2},{""c"":""02BW009"",""n"":1}]"
2026-04-28,30,mbrookz,277.0,iMQDykjthqoztGrFSrHwtphL2pV9BIrGgAz1EIFDSRHTboYbSYy9SPFPyLCvPzq3i5PdNMVJIeWEiA,CUBQEBAAAQEAEBQAFMYAMAIAAQDBIIREE4BACBAAA4BQCAAKBQNAEAIHAACQCCAMBY,Demacia|Freljord|Shurima,40,16,,,,,"[{""c"":""04DE004"",""n"":3},{""c"":""04DE008"",""n"":3},{""c"":""06DE043"",""n"":3},{""c"":""06DE048"",""n"":3},{""c"":""01DE004"",""n"":3},{""c"":""01DE006"",""n"":3},{""c"":""01DE020"",""n"":3},{""c"":""01DE034"",""n"":3},{""c"":""01DE036"",""n"":3},{""c"":""01DE039"",""n"":3},{""c"":""04DE007"",""n"":2},{""c"":""01DE010"",""n"":2},{""c"":""01DE012"",""n"":2},{""c"":""01DE026"",""n"":2},{""c"":""01SH000"",""n"":1},{""c"":""05FR008"",""n"":1}]"
2026-04-28,37,SrdasParanga,256.0,A6p0IhoXbKSbKc-2OXF6DXbe0qG3fpxRZCpsYFt1DN6_mDyJLL-Lt1WMvuIRkpGW91CVR0Ta7bAc1Q,CEDQCAIBBQAQCARJAEBQCFQBAMBBGAIGAIWAEBQBEQUQGBYCBMIRIBABAEASUAIFAIDACBQBEYBAOAQTFEAA,Freljord|Ionia,40,15,,,,,"[{""c"":""01FR012"",""n"":3},{""c"":""01IO041"",""n"":3},{""c"":""03FR022"",""n"":3},{""c"":""03IO019"",""n"":3},{""c"":""06IO044"",""n"":3},{""c"":""06FR036"",""n"":3},{""c"":""06FR041"",""n"":3},{""c"":""07IO011"",""n"":3},{""c"":""07IO017"",""n"":3},{""c"":""07IO020"",""n"":3},{""c"":""01FR042"",""n"":2},{""c"":""05IO006"",""n"":2},{""c"":""06FR038"",""n"":2},{""c"":""07IO019"",""n"":2},{""c"":""07IO041"",""n"":2}]"
2026-04-29,42,DeadCraft48,223.0,z99HH4ScYBXXZOteeWfUZCG8HCbuw6GU_bR16cpV42-T_wUxmAw93ad65iutfh2e_H6c54YCFgxC8Q,CUCQCAIECQAQIAIPAEDAUKYBA4GA6AQBAEEBABYBAEARSAIBAMRACAQBAMAQMAIVAEDASIYBBEAQUAQDBEZVKBIBAEADCAIDAQJQCBQJFMAQQBISAIBQSDJD,Bandle City|F08|F19|Freljord|Mount Targon|Noxus|Piltover & Zaun|Runeterra,39,19,,,,,"[{""c"":""01PZ020"",""n"":3},{""c"":""04FR015"",""n"":3},{""c"":""06BC043"",""n"":3},{""c"":""07RU015"",""n"":3},{""c"":""01FR008"",""n"":3},{""c"":""01FR016"",""n"":3},{""c"":""01FR025"",""n"":2},{""c"":""01NX034"",""n"":2},{""c"":""02FR003"",""n"":2},{""c"":""06FR021"",""n"":2},{""c"":""06MT035"",""n"":2},{""c"":""09FR010"",""n"":2},{""c"":""03MT051"",""n"":2},{""c"":""03MT085"",""n"":2},{""c"":""01FR000"",""n"":1},{""c"":""49FR003"",""n"":1},{""c"":""04F19001"",""n"":1},{""c"":""06MT043"",""n"":1},{""c"":""01F08005"",""n"":1}]"
2026-04-29,44,Fathermitch,221.0,u9P21YdI4OIKc24Y0pF-80wnRRaEBUDTLOJ0i0GI8KLbG_AFSLJkG97OBNPX-I4XWtnnhjdRtGPZtg,CEAAAAICAAAAMJY,Demacia,1,1,,,,,"[{""c"":""02DE000"",""n"":1}]"
2026-04-29,45,iNilesD,220.0,wyBqeP-e5g-DWGj1HtegH7itQvt6v4ICyf548MkkPS2eOQAg1oZuz0NOBM3NpzMY4X3b_j_0lyxQ8g,CQEACAYCAIAQGBAFAECAIEABAUCBSAIGBINACBYEAUBAKCSOSEAQIAIEBQUC2NABAIAQIHBGAA,Bandle City|Ionia|Piltover & Zaun,40,14,72.5,27.5,0.0,aggro,"[{""c"":""03IO002"",""n"":3},{""c"":""03PZ005"",""n"":3},{""c"":""04PZ016"",""n"":3},{""c"":""05PZ025"",""n"":3},{""c"":""06BC026"",""n"":3},{""c"":""07PZ005"",""n"":3},{""c"":""05BC078"",""n"":3},{""c"":""05BC145"",""n"":3},{""c"":""01PZ012"",""n"":3},{""c"":""01PZ040"",""n"":3},{""c"":""01PZ045"",""n"":3},{""c"":""01PZ052"",""n"":3},{""c"":""01PZ028"",""n"":2},{""c"":""01PZ038"",""n"":2}]"
2026-04-29,47,Thir,220.0,PSn5jNtfV5cPKB1w5tU3K4_C3dNJ9MQC0F7qfI93H6EPCuf1SM32zjIn7YY3xzuflYfagd4d7Fr5gg,CIDACBAGBUAQKBQBAEDAMHQCAMESGWACAYEQQIYDAIDBQKBXAQAQEBQJAEBQSDIBAQEQKAIGBEIQCAQGBEDCW,Bilgewater|Mount Targon,39,15,,,,,"[{""c"":""04BW013"",""n"":3},{""c"":""05BW001"",""n"":3},{""c"":""06BW030"",""n"":3},{""c"":""03MT035"",""n"":3},{""c"":""03MT088"",""n"":3},{""c"":""06MT008"",""n"":3},{""c"":""06MT035"",""n"":3},{""c"":""02BW024"",""n"":3},{""c"":""02BW040"",""n"":3},{""c"":""02BW055"",""n"":3},{""c"":""02BW009"",""n"":2},{""c"":""03MT013"",""n"":2},{""c"":""04MT005"",""n"":2},{""c"":""06MT017"",""n"":2},{""c"":""02BW009"",""n"":1}]"
2026-04-29,49,superguh,216.0,TqicWWZomh_rA1Qn7vOBlPdqU3-JB79cAEZHeRK39ZUlLFDVD-yOPZvOAkDOE2V9wqqW_wNtl_RwHA,CQCACBIKGEAQMBBOAIAQINBYAMCQIFQYDEDACAIECAAQGBALAEDQUCIBBEFBIAQFBIA5CAICAUCBWHYCAECAIDYCAUCBKGQ,Bandle City|Ionia|Piltover & Zaun,39,17,,,,,"[{""c"":""05BC049"",""n"":3},{""c"":""06PZ046"",""n"":3},{""c"":""01PZ052"",""n"":3},{""c"":""01PZ056"",""n"":3},{""c"":""05PZ022"",""n"":3},{""c"":""05PZ024"",""n"":3},{""c"":""05PZ025"",""n"":3},{""c"":""01PZ016"",""n"":2},{""c"":""03PZ011"",""n"":2},{""c"":""07BC009"",""n"":2},{""c"":""09BC020"",""n"":2},{""c"":""05BC001"",""n"":2},{""c"":""05BC209"",""n"":2},{""c"":""05PZ027"",""n"":2},{""c"":""05PZ031"",""n"":2},{""c"":""01PZ004"",""n"":1},{""c"":""15IO005"",""n"":1}]"
2026-04-30,52,ThePeterJ,204.0,bPnRARyfsq_ASQlcALbXWm_d6QwD_ouVJq3On-6b5BOF7uKYmJ5bnffsS30CviSjGqa7PZgAWQKb1A,CUEACAICFYAQGAQFAECAIBYBAUFCQAIGAIQACBQMAYAQOAQRAMBAEAIDBEBQCAIBDUAQCARRAEBQEFAEAEAQIHABAQAQUAIGAQVQCBQHFI,Bandle City|Freljord|Ionia|Piltover & Zaun|Runeterra,40,17,,,,,"[{""c"":""01IO046"",""n"":3},{""c"":""03IO005"",""n"":3},{""c"":""04PZ007"",""n"":3},{""c"":""05BC040"",""n"":3},{""c"":""06IO032"",""n"":3},{""c"":""06RU006"",""n"":3},{""c"":""07IO017"",""n"":3},{""c"":""02IO001"",""n"":3},{""c"":""02IO003"",""n"":3},{""c"":""02IO009"",""n"":3},{""c"":""01FR029"",""n"":2},{""c"":""01IO049"",""n"":2},{""c"":""03IO020"",""n"":2},{""c"":""01FR004"",""n"":1},{""c"":""28FR004"",""n"":1},{""c"":""01BC001"",""n"":1},{""c"":""06PZ043"",""n"":1}]"
2026-04-30,54,waitimplaying,202.0,_azDPaOzvLiVWYOIu_tqeRsKBR8jGB0PqWIwKWT4Q7tkGYQL315DorDP9xtQYmJXyLKmpxH_bxvxjA,CECQCAYBAIAQQAIYAIAQCFRGAIAQGHZBAMCAGAQEB4CACBADBAAQMAI4AEEACEYDAEAQCCY6AEAQQAAG,F08|Freljord|Noxus,40,16,,,,,"[{""c"":""03FR002"",""n"":3},{""c"":""08FR024"",""n"":3},{""c"":""01FR022"",""n"":3},{""c"":""01FR038"",""n"":3},{""c"":""01NX031"",""n"":3},{""c"":""01NX033"",""n"":3},{""c"":""04NX002"",""n"":3},{""c"":""04NX004"",""n"":3},{""c"":""04NX015"",""n"":3},{""c"":""04NX008"",""n"":2},{""c"":""06FR028"",""n"":2},{""c"":""08FR019"",""n"":2},{""c"":""01FR001"",""n"":2},{""c"":""01FR011"",""n"":2},{""c"":""01FR030"",""n"":2},{""c"":""01F08000"",""n"":1}]"
2026-04-30,55,NotreDammit,191.0,Ik2qUvSnwi86IeXEu5fiNj4mTgE6LR2fHlKi_J1gS05olorTm2il2QpyaTh-gdM17lDLdfXLjcZ3lw,CEDACAICBEAQIAQOAEDAECIBBECQ2AQGAUBSMAYBAUKROKQEAEBAKCIBAMBBIAQGAILSEAQGAUHSKAIBAUBBK,Ionia|Shadow Isles,40,16,,,,,"[{""c"":""01IO009"",""n"":3},{""c"":""04IO014"",""n"":3},{""c"":""06IO009"",""n"":3},{""c"":""09SI013"",""n"":3},{""c"":""06SI003"",""n"":3},{""c"":""06SI038"",""n"":3},{""c"":""01SI021"",""n"":3},{""c"":""01SI023"",""n"":3},{""c"":""01SI042"",""n"":3},{""c"":""02SI009"",""n"":2},{""c"":""03IO020"",""n"":2},{""c"":""06IO023"",""n"":2},{""c"":""06IO034"",""n"":2},{""c"":""06SI015"",""n"":2},{""c"":""06SI037"",""n"":2},{""c"":""01SI002"",""n"":1}]"
2026-04-30,57,Luiscantera99,186.0,VKXBpD0UOEbAyh-Hqcmb7jChhZwESsnQ_Aw-310se0znEl_Kea6E3Ad-ShOCK8jxe63sQt7orajPBA,CQCACBIKP4AQMAAGAEEASAYFBEFACAYMBUKAMAIBAANACAQAAEAQKCRRAECQADABA4FASAQJBICBEAQBAUFACAIJAAWQ,Bandle City|Demacia|Freljord|Mount Targon|Shadow Isles,40,17,,,,,"[{""c"":""05BC127"",""n"":3},{""c"":""06DE006"",""n"":3},{""c"":""08MT003"",""n"":3},{""c"":""09BC001"",""n"":3},{""c"":""09BC003"",""n"":3},{""c"":""09BC012"",""n"":3},{""c"":""09BC013"",""n"":3},{""c"":""09BC020"",""n"":3},{""c"":""01DE026"",""n"":2},{""c"":""02DE001"",""n"":2},{""c"":""05BC049"",""n"":2},{""c"":""05DE012"",""n"":2},{""c"":""07BC009"",""n"":2},{""c"":""09BC004"",""n"":2},{""c"":""09BC018"",""n"":2},{""c"":""01SI010"",""n"":1},{""c"":""01FR009"",""n"":1}]"
2026-04-30,61,Cameron6659,181.0,s3CY7jSkZBQc86Ss1XF-SgYAOH2gRTkLFFJKmMEldlkC21ECHBkfmaZpIbdNiDzVl0WMpmQN2gJdgQ,CQDACAIFGEAQKCT7AEDAUFICAQCTMNYDBACQOKJKAQDAKFA3FUXAEAIEAU4ACBIKAEAA,Bandle City|Shadow Isles,40,14,,,,,"[{""c"":""01SI049"",""n"":3},{""c"":""05BC127"",""n"":3},{""c"":""06BC021"",""n"":3},{""c"":""04SI054"",""n"":3},{""c"":""04SI055"",""n"":3},{""c"":""08SI007"",""n"":3},{""c"":""08SI041"",""n"":3},{""c"":""08SI042"",""n"":3},{""c"":""06SI020"",""n"":3},{""c"":""06SI027"",""n"":3},{""c"":""06SI045"",""n"":3},{""c"":""06SI046"",""n"":3},{""c"":""04SI056"",""n"":2},{""c"":""05BC001"",""n"":2}]"
2026-04-30,68,Davebo,174.0,VLKpCAmlUM3NEPhfXqQhNpavrwVpFqBTl0XhrDvMARySiqz6PJyEtbCAExJgF-KsxVkqbVZgpxDFSQ,CICQCAYEDEBAEBQJDIBQCBBHFU2AGCAGBALRSAYIAQCQQEQAAQAQEBADAECAMEABBADAEAIIAQKA,Bilgewater|F16|Freljord|Ionia|Piltover & Zaun,40,16,,,,,"[{""c"":""03PZ025"",""n"":3},{""c"":""02BW009"",""n"":3},{""c"":""02BW026"",""n"":3},{""c"":""01PZ039"",""n"":3},{""c"":""01PZ045"",""n"":3},{""c"":""01PZ052"",""n"":3},{""c"":""08BW008"",""n"":3},{""c"":""08BW023"",""n"":3},{""c"":""08BW025"",""n"":3},{""c"":""08PZ005"",""n"":3},{""c"":""08PZ008"",""n"":3},{""c"":""08PZ018"",""n"":3},{""c"":""01IO004"",""n"":1},{""c"":""03FR004"",""n"":1},{""c"":""06F16001"",""n"":1},{""c"":""08BW002"",""n"":1}]"
2026-04-30,69,사생아,173.0,F9OZ_-Flq3owGOinq4MYVL8t93hZaWUFRndpsIhOr3j6-D0AQ8hBsrbWEm6hyFMIECkayDR6omW6iA,CUDQCBQGDIAQMAAKAEDAEGIBAYBSEAIGAQEACBQFAYBAMBYEAUCACBQCEIAQMCJIAIDACERCAIDAYBI2AQAQMCQ4AEDAEFYBAYEQMAIGA4UA,Bilgewater|Demacia|F23|Freljord|Ionia|Mount Targon|Noxus|Piltover & Zaun|Runeterra|Shadow Isles|Shurima,40,18,,,,,"[{""c"":""06BW026"",""n"":3},{""c"":""06DE010"",""n"":3},{""c"":""06IO025"",""n"":3},{""c"":""06NX034"",""n"":3},{""c"":""06PZ008"",""n"":3},{""c"":""06SI006"",""n"":3},{""c"":""06SH004"",""n"":3},{""c"":""06SH005"",""n"":3},{""c"":""06IO034"",""n"":2},{""c"":""06MT040"",""n"":2},{""c"":""06FR018"",""n"":2},{""c"":""06FR034"",""n"":2},{""c"":""06RU005"",""n"":2},{""c"":""06RU026"",""n"":2},{""c"":""01BW010"",""n"":1},{""c"":""28FR006"",""n"":1},{""c"":""02F23001"",""n"":1},{""c"":""06MT006"",""n"":1}]"
2026-04-30,70,killerbag,173.0,K-AwhCnag9qI4C9bqIB6NQKreWjCPnsFermvHAEOS3BU4FFSydQqt1XvE_qZ9jJKO7N36aIwrjngkw,CICACBACBUBACAQTEABAMARDEYCQGAQBAIFBCEQDAEBQEFABAYER2AQBAISTCAQBAMBAOAIGBEDA,Freljord|Ionia|Mount Targon|Noxus,40,16,,,,,"[{""c"":""04IO013"",""n"":3},{""c"":""01IO019"",""n"":3},{""c"":""01IO032"",""n"":3},{""c"":""06IO035"",""n"":3},{""c"":""06IO038"",""n"":3},{""c"":""03IO001"",""n"":3},{""c"":""03IO002"",""n"":3},{""c"":""03IO010"",""n"":3},{""c"":""03IO017"",""n"":3},{""c"":""03IO018"",""n"":3},{""c"":""03IO020"",""n"":2},{""c"":""06MT029"",""n"":2},{""c"":""01IO037"",""n"":2},{""c"":""01IO049"",""n"":2},{""c"":""01NX002"",""n"":1},{""c"":""07FR006"",""n"":1}]"
2026-04-30,71,Capuchones,172.0,ifBVSokXCUevq11fz_t-WfI4tgfBPZ0daZyY0XOtuQfwc8fJmtQnoN-KX0Ug1PTRmc_LSClYeEl1yQ,CECQCBQBDQBACAY7EEBAIAYEB4BAQAITDABQCAIWDYTAIAIBAECACBADBAAQMAAGAEEAABQCAEAQCKQBAYARE,Demacia|Freljord|Noxus,40,16,,,,,"[{""c"":""06FR028"",""n"":3},{""c"":""01NX031"",""n"":3},{""c"":""01NX033"",""n"":3},{""c"":""04NX004"",""n"":3},{""c"":""04NX015"",""n"":3},{""c"":""08FR019"",""n"":3},{""c"":""08FR024"",""n"":3},{""c"":""01FR022"",""n"":3},{""c"":""01FR030"",""n"":3},{""c"":""01FR038"",""n"":3},{""c"":""01FR004"",""n"":2},{""c"":""04NX008"",""n"":2},{""c"":""06DE006"",""n"":2},{""c"":""08DE006"",""n"":2},{""c"":""01FR001"",""n"":1},{""c"":""42FR006"",""n"":1}]"
2026-04-30,77,MarioBat,146.0,LfF_0N00I--nj6QsgNhJxuiuZ920FYOhYtM2t9oHdiPMyKLXruSjpjn7QMj2ydxhN_cXaPVOKLKfvA,CQDACBIABQAQMAAGAEDQUCIBBAEQGAQFBIYX6BAJBIAQGBAUAQAQCAA2AEBAAAIBAUFACAQJBIGA2AA,Bandle City|Demacia|Mount Targon,40,15,,,,,"[{""c"":""05DE012"",""n"":3},{""c"":""06DE006"",""n"":3},{""c"":""07BC009"",""n"":3},{""c"":""08MT003"",""n"":3},{""c"":""05BC049"",""n"":3},{""c"":""05BC127"",""n"":3},{""c"":""09BC001"",""n"":3},{""c"":""09BC003"",""n"":3},{""c"":""09BC004"",""n"":3},{""c"":""09BC020"",""n"":3},{""c"":""01DE026"",""n"":2},{""c"":""02DE001"",""n"":2},{""c"":""05BC001"",""n"":2},{""c"":""09BC012"",""n"":2},{""c"":""09BC013"",""n"":2}]"
2026-04-30,79,Ghostmatterz,143.0,FOFXozF37zF8ilqEEn08-AAA9YqkzualzgQIwpR5WHUO021_-F3_y3-QBYiFsoK9UOH4ia6jaUnWHQ,CEDACAQCAUAQIAQOAEDAECIBBECQ2BABAUFBKFZKAQDAKAYPEYXACAIBAUBQCAQGAUSS2,Bilgewater|Ionia|Shadow Isles,39,14,,,,,"[{""c"":""02IO005"",""n"":3},{""c"":""04IO014"",""n"":3},{""c"":""06IO009"",""n"":3},{""c"":""09SI013"",""n"":3},{""c"":""01SI010"",""n"":3},{""c"":""01SI021"",""n"":3},{""c"":""01SI023"",""n"":3},{""c"":""01SI042"",""n"":3},{""c"":""06SI003"",""n"":3},{""c"":""06SI015"",""n"":3},{""c"":""06SI038"",""n"":3},{""c"":""06SI046"",""n"":3},{""c"":""01SI003"",""n"":2},{""c"":""02BW005"",""n"":1}]"
2026-04-30,81,Evilkyatt,141.0,VIhWFnBFEMr4EV5Wso7qWAXeLXjX7AsH9jGXBsQMzElxqWDkmhYduySwqjiw2LKgm8Vl4x7vCePEVA,CIEACAIEFUAQKAAMAEDAMHIBA4AAKAIIAAFACCAJAMBAMAAVDQBAMBAIEYBQCAQAAIAQIAADAIDAABQKAIAQKBBGAEDAAGA,Bilgewater|Demacia|Freljord|Mount Targon|Piltover & Zaun|Shadow Isles,40,16,,,,,"[{""c"":""01PZ045"",""n"":3},{""c"":""05DE012"",""n"":3},{""c"":""06BW029"",""n"":3},{""c"":""07DE005"",""n"":3},{""c"":""08DE010"",""n"":3},{""c"":""08MT003"",""n"":3},{""c"":""06DE021"",""n"":3},{""c"":""06DE028"",""n"":3},{""c"":""06PZ008"",""n"":3},{""c"":""06PZ038"",""n"":3},{""c"":""02DE002"",""n"":2},{""c"":""04DE003"",""n"":2},{""c"":""06DE006"",""n"":2},{""c"":""06DE010"",""n"":2},{""c"":""01SI004"",""n"":1},{""c"":""38FR006"",""n"":1}]"
2026-04-30,86,AlphaCake,133.0,9hQmUSqOhNgk3nMQHq2u7g6YKk8wcs7RdPoL5G3f6a3O6KH-u5YPm2MfHRdCO-zSb_e9It9BWKj1Gg,CQDACAYCAIAQMCQ2AEDQIBIBBEFAWAQFBJHJCAIEAECAYKBNGQCACAIEEYAQGBAFAECAIEABA4FASAQBAECACAIHBIIA,Bandle City|Freljord|Ionia|Piltover & Zaun,40,16,70.0,30.0,0.0,aggro,"[{""c"":""03IO002"",""n"":3},{""c"":""06BC026"",""n"":3},{""c"":""07PZ005"",""n"":3},{""c"":""09BC011"",""n"":3},{""c"":""05BC078"",""n"":3},{""c"":""05BC145"",""n"":3},{""c"":""01PZ012"",""n"":3},{""c"":""01PZ040"",""n"":3},{""c"":""01PZ045"",""n"":3},{""c"":""01PZ052"",""n"":3},{""c"":""01PZ038"",""n"":2},{""c"":""03PZ005"",""n"":2},{""c"":""04PZ016"",""n"":2},{""c"":""07BC009"",""n"":2},{""c"":""01FR004"",""n"":1},{""c"":""01FR007"",""n"":1}]"
2026-04-30,87,Habalji,133.0,jfnUt6y1Tud4BT3rCl4OXpIZGpctBroR3bp6tCwZ83M-Im7W6-uPa5aI5wbitvlUfUYZymuVhePwNA,CQDACAQDAMAQMCQ2AEDAGKIBBEFAWBABAMBAYKBXAUCQUBZJOSRQDJQBAAAQCAIDDE,Bandle City|Freljord|Noxus,40,14,,,,,"[{""c"":""02NX003"",""n"":3},{""c"":""06BC026"",""n"":3},{""c"":""06NX041"",""n"":3},{""c"":""09BC011"",""n"":3},{""c"":""01NX002"",""n"":3},{""c"":""01NX012"",""n"":3},{""c"":""01NX040"",""n"":3},{""c"":""01NX055"",""n"":3},{""c"":""05BC007"",""n"":3},{""c"":""05BC041"",""n"":3},{""c"":""05BC116"",""n"":3},{""c"":""05BC163"",""n"":3},{""c"":""05BC166"",""n"":3},{""c"":""01FR003"",""n"":1}]"
2026-04-30,92,BGA Clid,129.0,4-9P1VbSk7i2bErv7Z6CwNg1mTZhRy3kIVpZ75hfxgd8nFwHQn_4kNsnECo-RwsLfvtgVXE4Ozy-TA,CECQCAIEGQAQKAAMAEDAILQCAEACQKQDAUCBMGI2AQAQGBALAEDQABIBBAAAMBAFAQKRQGY7AEBACAA2FE,Demacia|Freljord|Piltover & Zaun,39,16,,,,,"[{""c"":""01PZ052"",""n"":3},{""c"":""05DE012"",""n"":3},{""c"":""06PZ046"",""n"":3},{""c"":""01DE040"",""n"":3},{""c"":""01DE042"",""n"":3},{""c"":""05PZ022"",""n"":3},{""c"":""05PZ025"",""n"":3},{""c"":""05PZ026"",""n"":3},{""c"":""03PZ011"",""n"":2},{""c"":""07DE005"",""n"":2},{""c"":""08DE006"",""n"":2},{""c"":""05PZ021"",""n"":2},{""c"":""05PZ024"",""n"":2},{""c"":""05PZ027"",""n"":2},{""c"":""05PZ031"",""n"":2},{""c"":""02FR000"",""n"":1}]"
2026-04-30,101,Lambz369,124.0,kmHJ0fiFL5KAEXQIbr0iiqfUVOoezx8N8Xx1SigEyzXFLzPC4T4GYF10KXmpZ_8G_qQxrT7t4I3TyQ,CICQCBAFB4AQMBJLAEEAKHQCAICQQCQFAIDBOLBPGU4AGAICAYTQCBQGEYAQOBICAMAQCBIBAEBAKBYCAIDB2HQ,Bilgewater|Freljord|Shadow Isles|Shurima,39,16,,,,,"[{""c"":""04SI015"",""n"":3},{""c"":""06SI043"",""n"":3},{""c"":""08SI030"",""n"":3},{""c"":""02SI008"",""n"":3},{""c"":""02SI010"",""n"":3},{""c"":""02BW023"",""n"":3},{""c"":""02BW044"",""n"":3},{""c"":""02BW047"",""n"":3},{""c"":""02BW053"",""n"":3},{""c"":""02BW056"",""n"":3},{""c"":""02BW039"",""n"":2},{""c"":""06BW038"",""n"":2},{""c"":""07SI002"",""n"":2},{""c"":""01FR005"",""n"":1},{""c"":""01FR002"",""n"":1},{""c"":""05SH002"",""n"":1}]"
2026-04-30,104,netinho99,121.0,pv-ejnBJpvr2-uknjMz4mPMiw3R4DenY9PoZl1KIB13JDHHA0bveLZ52rxlSXCMHyWvTBN-0c4ubjw,CMDQCAIEFYAQGBADAECAOJYBAUCBQAIGAQVACCAEBEBQMBYFGA4AIAIDAQFQCBAHHMAQOBAJAEEAGDAEAEAQILIBAQCAEAIEA5WQEBQEBETA,Freljord|Ionia|Noxus|Piltover & Zaun|Shurima,39,17,,,,,"[{""c"":""01PZ046"",""n"":3},{""c"":""03PZ003"",""n"":3},{""c"":""04SH039"",""n"":3},{""c"":""05PZ024"",""n"":3},{""c"":""06PZ042"",""n"":3},{""c"":""08PZ009"",""n"":3},{""c"":""06SH005"",""n"":3},{""c"":""06SH048"",""n"":3},{""c"":""06SH056"",""n"":3},{""c"":""03PZ011"",""n"":2},{""c"":""04SH059"",""n"":2},{""c"":""07PZ009"",""n"":2},{""c"":""08NX012"",""n"":2},{""c"":""01FR004"",""n"":1},{""c"":""45FR004"",""n"":1},{""c"":""04IO001"",""n"":1},{""c"":""04SH109"",""n"":1}]"
2026-04-30,108,Worst Jangle NA,115.0,Jsv9vweO73ILxpP8Pe_6VWshG6-jpMFZxZkQkgI1HIGXjlG7ftk3XiHUN1J0NIXGivYj_x7JyDDa8g,CUCACAIADIAQQAYDAIBQAAQLAIEAADIZAYAQKAAMAEDAAMABBADQ4AQIAAFBUAQIBEBR4AYDAABQQDQCAEBQABYBBAGA4,Demacia|Freljord|Mount Targon|Noxus|Shurima,40,18,,,,,"[{""c"":""01DE026"",""n"":3},{""c"":""08NX003"",""n"":3},{""c"":""03DE002"",""n"":3},{""c"":""03DE011"",""n"":3},{""c"":""08DE013"",""n"":3},{""c"":""08DE025"",""n"":3},{""c"":""05DE012"",""n"":2},{""c"":""06DE048"",""n"":2},{""c"":""08SH014"",""n"":2},{""c"":""08DE010"",""n"":2},{""c"":""08DE026"",""n"":2},{""c"":""08MT003"",""n"":2},{""c"":""08MT030"",""n"":2},{""c"":""03DE003"",""n"":2},{""c"":""03DE008"",""n"":2},{""c"":""03DE014"",""n"":2},{""c"":""01NX000"",""n"":1},{""c"":""07FR008"",""n"":1}]"
2026-04-30,109,Griefamere,115.0,3oeJRVQ8Ka1pd5I4A0MMBdd-pHnUQyUBA5F7AgIdRuZStwgFOk9VXQh0DTxq_fM6AOIvFeANRYqXjg,CUFACAIEGYAQEBR4AEBQKBQBAQEQ2AIFAEDACBQCAMAQMAYMAEDAYAQCAIBQGBADAEBQEDBIAAAQCAIDFY,Bilgewater|Freljord|Ionia|Mount Targon|Noxus|Piltover & Zaun|Runeterra|Shadow Isles,40,14,70.0,22.5,7.5,aggro,"[{""c"":""01PZ054"",""n"":3},{""c"":""02BW060"",""n"":3},{""c"":""03SI006"",""n"":3},{""c"":""04MT013"",""n"":3},{""c"":""05FR006"",""n"":3},{""c"":""06IO003"",""n"":3},{""c"":""06NX012"",""n"":3},{""c"":""06RU002"",""n"":3},{""c"":""02NX003"",""n"":3},{""c"":""02NX004"",""n"":3},{""c"":""01NX002"",""n"":3},{""c"":""01NX012"",""n"":3},{""c"":""01NX040"",""n"":3},{""c"":""01FR003"",""n"":1}]"
2026-04-30,114,Level 5 Vegan,111.0,gGhQinkdAxnN2dov4wW-SyA-bFirpyYlLtwCg8mYeuB5DswHB7pTdlPql-jxmv554GKZF4qKYpYKiQ,CMCQCBQHGAAQOBYJAEEQOCQCAUDQ4EQIAQDQGDI4EUTDWSCMAAAQCBAHHY,Piltover & Zaun|Shurima,40,14,,,,,"[{""c"":""06SH048"",""n"":3},{""c"":""07SH009"",""n"":3},{""c"":""09SH010"",""n"":3},{""c"":""05SH014"",""n"":3},{""c"":""05SH018"",""n"":3},{""c"":""04SH003"",""n"":3},{""c"":""04SH013"",""n"":3},{""c"":""04SH028"",""n"":3},{""c"":""04SH037"",""n"":3},{""c"":""04SH038"",""n"":3},{""c"":""04SH059"",""n"":3},{""c"":""04SH072"",""n"":3},{""c"":""04SH076"",""n"":3},{""c"":""01PZ007"",""n"":1}]"
2026-04-30,122,Sky1Striker ,103.0,z7pM5LeiAfXJjAoYrbnYFkXCM_pO8BbpNEzD7hGg9en0Ar_f_nyxTaIzsr4hVo0G5fgiEbsowIVgFg,CECAEAIDD4QQEBADAQHQECABCMMAIAIBCYPCMKIEAECAGCABAYAAMAIGAEJACCAAAYBACAIBFIAQIAYC,Demacia|Freljord|Noxus,40,16,,,,,"[{""c"":""01NX031"",""n"":3},{""c"":""01NX033"",""n"":3},{""c"":""04NX004"",""n"":3},{""c"":""04NX015"",""n"":3},{""c"":""08FR019"",""n"":3},{""c"":""08FR024"",""n"":3},{""c"":""01FR022"",""n"":3},{""c"":""01FR030"",""n"":3},{""c"":""01FR038"",""n"":3},{""c"":""01FR041"",""n"":3},{""c"":""04NX008"",""n"":2},{""c"":""06DE006"",""n"":2},{""c"":""06FR018"",""n"":2},{""c"":""08DE006"",""n"":2},{""c"":""01FR001"",""n"":1},{""c"":""42FR004"",""n"":1}]"
2026-04-30,130,Pheonixwish,100.0,cl8N9ojUtJZiDT3O4PII8zqeD1XLqjcacmSQPybLp6_NhNfzUjCHa9AyCDJ7wMuZ2tuWVfO9G3G9pQ,CEDQCBACBYAQKAQ2AEDAGFABA4BDCAQJAMMSCAYBAIDBCGQDAEBRSGZKAIAQCAQ3AEBQEFAA,Ionia|Noxus,40,14,,,,,"[{""c"":""04IO014"",""n"":3},{""c"":""05IO026"",""n"":3},{""c"":""06NX020"",""n"":3},{""c"":""07IO049"",""n"":3},{""c"":""09NX025"",""n"":3},{""c"":""09NX033"",""n"":3},{""c"":""01IO006"",""n"":3},{""c"":""01IO017"",""n"":3},{""c"":""01IO026"",""n"":3},{""c"":""01NX025"",""n"":3},{""c"":""01NX027"",""n"":3},{""c"":""01NX042"",""n"":3},{""c"":""01IO027"",""n"":2},{""c"":""03IO020"",""n"":2}]"
2026-04-30,131,Estudante de Mat,100.0,rUh-MxR_6Nd3cz6xcl8hbvAwoxH_jZHnM-5moWJhC4Xr8z4WEinjVmQNf21wGbqwDytgVuZX_XN4Wg,CUFACAIEGYAQEBR4AEBQKBQBAQEQ2AIFAEDACBQCAMAQMAYMAEDAYAQCAIBQGBADAEBQEDBIAAAQCAIDFY,Bilgewater|Freljord|Ionia|Mount Targon|Noxus|Piltover & Zaun|Runeterra|Shadow Isles,40,14,70.0,22.5,7.5,aggro,"[{""c"":""01PZ054"",""n"":3},{""c"":""02BW060"",""n"":3},{""c"":""03SI006"",""n"":3},{""c"":""04MT013"",""n"":3},{""c"":""05FR006"",""n"":3},{""c"":""06IO003"",""n"":3},{""c"":""06NX012"",""n"":3},{""c"":""06RU002"",""n"":3},{""c"":""02NX003"",""n"":3},{""c"":""02NX004"",""n"":3},{""c"":""01NX002"",""n"":3},{""c"":""01NX012"",""n"":3},{""c"":""01NX040"",""n"":3},{""c"":""01FR003"",""n"":1}]"
2026-04-30,132,MeteorB,100.0,KUXM-ICBFTnIpm4YMs2UrWQmQeU2UvU0wz-StZbw8-vCUyeU2-e8t_yF6_qNMzx6Z5zFDzQPuISVfg,CUDQCAIFFQAQGAAEAEBQCCQBAQAQ4AIIAEAQEAIBBQQQEBQBEQUQIAIDAEJQCBAAAUAQQAQOAIAQCFBKAMAQCARBAECAGBYBBAGA4,Demacia|Freljord|Ionia|Shadow Isles|Shurima,40,17,,,,,"[{""c"":""01SI044"",""n"":3},{""c"":""03DE004"",""n"":3},{""c"":""03FR010"",""n"":3},{""c"":""04FR014"",""n"":3},{""c"":""08FR001"",""n"":3},{""c"":""01FR012"",""n"":3},{""c"":""01FR033"",""n"":3},{""c"":""06FR036"",""n"":3},{""c"":""06FR041"",""n"":3},{""c"":""03FR019"",""n"":2},{""c"":""04DE005"",""n"":2},{""c"":""08IO014"",""n"":2},{""c"":""01FR020"",""n"":2},{""c"":""01FR042"",""n"":2},{""c"":""01FR002"",""n"":1},{""c"":""33FR004"",""n"":1},{""c"":""03SH001"",""n"":1}]"
2026-04-30,135,IntoTheDusk,100.0,4CwfSVAdN4m7p5ScQO8-8LoR-RbodZDyMZoY6W_cpwq64il3FKqEwM99CuJJHDkH1IebNboDNi7OFw,CUDACBQGDIAQMAAKAEDAEIQBAYBSEAIGA4CQCBQFAYDQCBQKDQAQMAALAEDAEGICAYAREIQCAYCAOCACAYGAKGQCAYDQIKAA,Bandle City|Bilgewater|Demacia|Freljord|Ionia|Noxus|Piltover & Zaun|Runeterra|Shadow Isles|Shurima,40,17,,,,,"[{""c"":""06BW026"",""n"":3},{""c"":""06DE010"",""n"":3},{""c"":""06IO034"",""n"":3},{""c"":""06NX034"",""n"":3},{""c"":""06SH005"",""n"":3},{""c"":""06SI006"",""n"":3},{""c"":""06BC028"",""n"":2},{""c"":""06DE011"",""n"":2},{""c"":""06IO025"",""n"":2},{""c"":""06FR018"",""n"":2},{""c"":""06FR034"",""n"":2},{""c"":""06PZ007"",""n"":2},{""c"":""06PZ008"",""n"":2},{""c"":""06RU005"",""n"":2},{""c"":""06RU026"",""n"":2},{""c"":""06SH004"",""n"":2},{""c"":""06SH040"",""n"":2}]"
2026-04-30,137,Carrot Spirit,100.0,NF9ZwowvSyBz45YcetDzIlsyVLSXCW7enL4zTVyKjr2XKr2XBFWy1fc_CdtXAjFtiOBxXQRJAYTRUA,CQDACAQDAMAQMCQ2AEDAGKIBBEFAWBABAMBAYKBXAQCQUBZJUMA2MAICAEAQGGIBAUFHIAA,Bandle City|Noxus,40,14,,,,,"[{""c"":""02NX003"",""n"":3},{""c"":""06BC026"",""n"":3},{""c"":""06NX041"",""n"":3},{""c"":""09BC011"",""n"":3},{""c"":""01NX002"",""n"":3},{""c"":""01NX012"",""n"":3},{""c"":""01NX040"",""n"":3},{""c"":""01NX055"",""n"":3},{""c"":""05BC007"",""n"":3},{""c"":""05BC041"",""n"":3},{""c"":""05BC163"",""n"":3},{""c"":""05BC166"",""n"":3},{""c"":""01NX025"",""n"":2},{""c"":""05BC116"",""n"":2}]"
2026-04-30,151,DK catmonX,100.0,bpoOMszo_WlxKnKHIgrSIt2tLo8-wImxEaWLM6K5lD3h_8aVXxLxbNAmKFG-nWUpVs4vaGxe6iYz3w,CQCACBIKXQAQCBQHAUAQOBZOAUCAOAI4J5JWIAQBAQDV2AIFBLDACBQBAECAQAIIBIDAEBAHHOBACAQHBICQ6AYFBINSRJABAMDAOMBRHA,Bandle City|Bilgewater|Freljord|Ionia|Shadow Isles|Shurima,34,16,,,,,"[{""c"":""05BC188"",""n"":3},{""c"":""06SH005"",""n"":3},{""c"":""07SH046"",""n"":3},{""c"":""04SH001"",""n"":3},{""c"":""04SH028"",""n"":3},{""c"":""04SH079"",""n"":3},{""c"":""04SH083"",""n"":3},{""c"":""04SH100"",""n"":3},{""c"":""04SH093"",""n"":2},{""c"":""05BC198"",""n"":2},{""c"":""01FR004"",""n"":1},{""c"":""08FR008"",""n"":1},{""c"":""10BW002"",""n"":1},{""c"":""04SH059"",""n"":1},{""c"":""130IO007"",""n"":1},{""c"":""10SI015"",""n"":1}]"
2026-04-30,158,almiral87,100.0,vvhYHWysWyfwbYlxI13kS7_y1W2gb2B-ThEFjZjOBJvYIET5Ziji5Te94uWel7CNR2Iv2yjxziOfIg,CQCACCIKCQBACBI5GEBAMAYMDQBAMBIMFYCQCAYDBUAQGBICAECAKOACAECQGKACAYBQ4DYDAEDAKDQCAECRGLYCAIBQQCI,Bandle City|Bilgewater|F19|Ionia|Noxus|Shadow Isles,38,17,,,,,"[{""c"":""09BC020"",""n"":3},{""c"":""01SI029"",""n"":3},{""c"":""01SI049"",""n"":3},{""c"":""06NX012"",""n"":3},{""c"":""06NX028"",""n"":3},{""c"":""06SI012"",""n"":3},{""c"":""06SI046"",""n"":3},{""c"":""03NX013"",""n"":2},{""c"":""03SI002"",""n"":2},{""c"":""04SI056"",""n"":2},{""c"":""01SI003"",""n"":2},{""c"":""01SI040"",""n"":2},{""c"":""06NX014"",""n"":2},{""c"":""06NX015"",""n"":2},{""c"":""01BW005"",""n"":1},{""c"":""14IO001"",""n"":1},{""c"":""05F19047"",""n"":1}]"
2026-05-01,159,Fouur,100.0,wXbl3uoZp0uLrS0f2bJs6u81liOtfHnpY0NawKgjhgcqobNu8iaIhiqh-ziz5RYGpRyqBJQh6fa_vg,CQBQCAYCCQAQMBAVAEEAICIEAEAQINABA4BAWAIIBIDACCAEBAGQCAIEEEAQEBAGAEBQICYBAQCAOAIFAIDACCAEAIAQSARNAIBAEAYFAICQIGBGAIDAEIBEAMAQEDBJGEBQOAQRCMKAIBQEBEQCWLQ,Bandle City|Bilgewater|F38|Freljord|Ionia|Mount Targon|Noxus|Piltover & Zaun|Shadow Isles,30,20,,,,,"[{""c"":""03IO020"",""n"":3},{""c"":""06PZ021"",""n"":3},{""c"":""08PZ009"",""n"":3},{""c"":""01PZ052"",""n"":2},{""c"":""07IO011"",""n"":2},{""c"":""08BC006"",""n"":2},{""c"":""08PZ008"",""n"":2},{""c"":""01FR004"",""n"":1},{""c"":""33FR002"",""n"":1},{""c"":""04BW001"",""n"":1},{""c"":""03PZ011"",""n"":1},{""c"":""01PZ004"",""n"":1},{""c"":""07FR005"",""n"":1},{""c"":""02BW001"",""n"":1},{""c"":""08PZ002"",""n"":1},{""c"":""01MT002"",""n"":1},{""c"":""45IO002"",""n"":1},{""c"":""02NX005"",""n"":1},{""c"":""02SI004"",""n"":1},{""c"":""24F38002"",""n"":1}]"
2026-05-01,164,3XT43M3Special,100.0,n7k1YnEo9x2wXZd2cwZZfIkgRff0QICb3yvfQQ1IuSY1Rbmbbngu4khrmhDTaIg6z2n3i_aBDucpjA,CEDACAIEGQBAEAQDBEBAGBADAUBAMBAUFMBAQBAIBEBQMAQIBUQAEAIEAQIQCBQCBYAA,Ionia|Piltover & Zaun,40,14,,,,,"[{""c"":""01PZ052"",""n"":3},{""c"":""02IO003"",""n"":3},{""c"":""02IO009"",""n"":3},{""c"":""03PZ003"",""n"":3},{""c"":""03PZ005"",""n"":3},{""c"":""06PZ020"",""n"":3},{""c"":""06PZ043"",""n"":3},{""c"":""08PZ008"",""n"":3},{""c"":""08PZ009"",""n"":3},{""c"":""06IO008"",""n"":3},{""c"":""06IO013"",""n"":3},{""c"":""06IO032"",""n"":3},{""c"":""04PZ017"",""n"":2},{""c"":""06IO014"",""n"":2}]"
2026-05-01,167,S0dier,100.0,bCKEYS_u5YNUPOotflk8jNBu0lAL3VLN57SYLhXlObTD7urr-0hprm2CEFNFBtqrciyvMUA7PXpgSQ,CEBQEBADAQHQGAIDD4QTKBIBAECBMHRGFEBACBADBABQCAIBBMYAEAIBAEVACBQBDQ,Freljord|Noxus,40,16,,,,,"[{""c"":""04NX004"",""n"":3},{""c"":""04NX015"",""n"":3},{""c"":""01NX031"",""n"":3},{""c"":""01NX033"",""n"":3},{""c"":""01NX053"",""n"":3},{""c"":""01FR004"",""n"":3},{""c"":""01FR022"",""n"":3},{""c"":""01FR030"",""n"":3},{""c"":""01FR038"",""n"":3},{""c"":""01FR041"",""n"":3},{""c"":""04NX008"",""n"":2},{""c"":""01FR001"",""n"":2},{""c"":""01FR011"",""n"":2},{""c"":""01FR048"",""n"":2},{""c"":""01FR001"",""n"":1},{""c"":""42FR006"",""n"":1}]"
2026-05-01,168,Hekix,100.0,1CK23PwoEcTa2_0pqZAlaghwoqIY-CKPaYOVSgXAZrnqcCXnCghPMpvq9XuQL5Y8ut3x99VigcQ3Lg,CQCQCAYJGMAQKCRJAIAQABAVAMDQABIIBMCQMCIICAIR2HYCAEDAAKIBAYEQMAA,Bandle City|Demacia|Mount Targon,40,14,,,,,"[{""c"":""03MT051"",""n"":3},{""c"":""05BC041"",""n"":3},{""c"":""01DE004"",""n"":3},{""c"":""01DE021"",""n"":3},{""c"":""07DE005"",""n"":3},{""c"":""07DE008"",""n"":3},{""c"":""07DE011"",""n"":3},{""c"":""06MT008"",""n"":3},{""c"":""06MT016"",""n"":3},{""c"":""06MT017"",""n"":3},{""c"":""06MT029"",""n"":3},{""c"":""06MT031"",""n"":3},{""c"":""06DE041"",""n"":2},{""c"":""06MT006"",""n"":2}]"
2026-05-01,172,RunTheNets,100.0,Xl7GjY9cJtPZYQXoOlBrT09ubpsjbRH-flmtUGO67un6CYOPZALBjukopexS3Dx2je2OOCT0c2v28Q,CICQCBAFB4AQMBJLAEEAKHQDAICQOCAKAQBAMFZHF42QEAIBAUAQIAQGDUSSYOAA,Bilgewater|Shadow Isles,40,15,27.5,50.0,22.5,midrange,"[{""c"":""04SI015"",""n"":3},{""c"":""06SI043"",""n"":3},{""c"":""08SI030"",""n"":3},{""c"":""02SI007"",""n"":3},{""c"":""02SI008"",""n"":3},{""c"":""02SI010"",""n"":3},{""c"":""02BW023"",""n"":3},{""c"":""02BW039"",""n"":3},{""c"":""02BW047"",""n"":3},{""c"":""02BW053"",""n"":3},{""c"":""01SI001"",""n"":2},{""c"":""02BW029"",""n"":2},{""c"":""02BW037"",""n"":2},{""c"":""02BW044"",""n"":2},{""c"":""02BW056"",""n"":2}]"
2026-05-01,174,PirataRJ,100.0,o7RRQb00403JURN5EPFjCfqSpJNmh2GBn7vh_J49v_i2eFWqMNVUrt6P5D_uYpzIJD_AFV2w6FMOAw,CQDACAIBBQAQCARBAEBAEBICAYASIKIDAMAQMCQWAMDQECYUC4BQCAIBEEAQCARRAEDAEIABAEEAUBQ,F08|Freljord|Ionia,40,15,,,,,"[{""c"":""01FR012"",""n"":3},{""c"":""01IO033"",""n"":3},{""c"":""02IO005"",""n"":3},{""c"":""06FR036"",""n"":3},{""c"":""06FR041"",""n"":3},{""c"":""03FR006"",""n"":3},{""c"":""03FR010"",""n"":3},{""c"":""03FR022"",""n"":3},{""c"":""07IO011"",""n"":3},{""c"":""07IO020"",""n"":3},{""c"":""07IO023"",""n"":3},{""c"":""01FR033"",""n"":2},{""c"":""01IO049"",""n"":2},{""c"":""06IO032"",""n"":2},{""c"":""01F08010"",""n"":1}]"
2026-05-01,176,The Condor Hero,100.0,cLreYqCgVsM-tdtswOoteDVHRuhSGY5uRv2QIM9DRlHpzvUtaJKwhsuJYOSsJAXdB4wNeH9DRX0Jpw,CUEQCAIACMAQCBJMAEBQABABAQAAKAIFAAGACBYABMAQQAAZAEEASAYCAYACQMACAECQACICBAAAMCQEAEAQEIIBAQAAOAIEAMDQCCAMBY,Demacia|Freljord|Mount Targon|Noxus|Shadow Isles|Shurima,40,17,,,,,"[{""c"":""01DE019"",""n"":3},{""c"":""01SI044"",""n"":3},{""c"":""03DE004"",""n"":3},{""c"":""04DE005"",""n"":3},{""c"":""05DE012"",""n"":3},{""c"":""07DE011"",""n"":3},{""c"":""08DE025"",""n"":3},{""c"":""08MT003"",""n"":3},{""c"":""06DE040"",""n"":3},{""c"":""06DE048"",""n"":3},{""c"":""05DE009"",""n"":2},{""c"":""08DE006"",""n"":2},{""c"":""08DE010"",""n"":2},{""c"":""01FR002"",""n"":1},{""c"":""33FR004"",""n"":1},{""c"":""00SH001"",""n"":1},{""c"":""04NX007"",""n"":1}]"
2026-05-01,177,Ning Rookie,99.0,OGxDo6XQKEGpusz5LMePXYA5srW0Ls7PO_DLzRwrMjqjage_6OLgqFMzEl9OGZP-b9qlxJlPbiR7Jw,CECQCBICAYAQMBJOAEDQKCQCBACREKQDAECRGKJRAYAQCBIPAEBAKAIBAMCQYAIIAUUQCCIFBYBAIBIFHAAQEAIFGQ3A,Freljord|Ionia|Shadow Isles,39,16,,,,,"[{""c"":""05IO006"",""n"":3},{""c"":""06SI046"",""n"":3},{""c"":""07SI010"",""n"":3},{""c"":""08SI018"",""n"":3},{""c"":""08SI042"",""n"":3},{""c"":""01SI019"",""n"":3},{""c"":""01SI041"",""n"":3},{""c"":""01SI049"",""n"":3},{""c"":""01SI015"",""n"":2},{""c"":""02SI001"",""n"":2},{""c"":""03SI012"",""n"":2},{""c"":""08SI041"",""n"":2},{""c"":""09SI014"",""n"":2},{""c"":""04SI005"",""n"":2},{""c"":""04SI056"",""n"":2},{""c"":""02FR005"",""n"":1}]"
2026-05-01,185,JulioA619,92.0,HyM6ouqwRnGB8IMDgZZIKEOIs6uvKx5CcxPRIPkU1-ky9UJ0LIPsERL0vXcQnIL4JxsgpWiu4RXJtw,CIDACCAJDAAQSABBAEEQENICAMESGWACAYEQQIYEAEBASFA2GQBACAICGEAQSARXAIAQGAQUAIDASBRU,Demacia|Ionia|Mount Targon|Noxus,39,15,,,,,"[{""c"":""08MT024"",""n"":3},{""c"":""09DE033"",""n"":3},{""c"":""09IO053"",""n"":3},{""c"":""03MT035"",""n"":3},{""c"":""03MT088"",""n"":3},{""c"":""06MT008"",""n"":3},{""c"":""06MT035"",""n"":3},{""c"":""01IO009"",""n"":3},{""c"":""01IO020"",""n"":3},{""c"":""01IO026"",""n"":3},{""c"":""01IO052"",""n"":3},{""c"":""01IO049"",""n"":2},{""c"":""09IO055"",""n"":2},{""c"":""01NX002"",""n"":1},{""c"":""20IO006"",""n"":1}]"
2026-05-01,190,PirataDoDavila,90.0,Xb_TdoxL4oP0ryHVyoAfdih7QCTf2cN13JQwZgkYuFuqm_Qv5D45sI2qRBrRPzWspxrHy4EzSpFnYQ,CQCQCBIKP4AQKAAMAEDAABQBBAEQGBIJBIAQGDANCQCQCAIADIAQEAABAECQUMIBA4FASAIJBIJAGAIFBIAQCCIKAQAQSABN,Bandle City|Demacia|Freljord|Mount Targon|Piltover & Zaun|Shadow Isles,40,17,,,,,"[{""c"":""05BC127"",""n"":3},{""c"":""05DE012"",""n"":3},{""c"":""06DE006"",""n"":3},{""c"":""08MT003"",""n"":3},{""c"":""09BC001"",""n"":3},{""c"":""09BC003"",""n"":3},{""c"":""09BC012"",""n"":3},{""c"":""09BC013"",""n"":3},{""c"":""09BC020"",""n"":3},{""c"":""01DE026"",""n"":2},{""c"":""02DE001"",""n"":2},{""c"":""05BC049"",""n"":2},{""c"":""07BC009"",""n"":2},{""c"":""09BC018"",""n"":2},{""c"":""01SI010"",""n"":1},{""c"":""01FR009"",""n"":1},{""c"":""10PZ001"",""n"":1}]"
2026-05-01,193,Swiss Voulge,87.0,5Ekucr8sZhwq2CAYxc3g9EEZkMPtR8iDm3cOdX2MuZNrTn8fhTXOsvOZnOdVudi0Vu-ev4UavO7kMw,CQDQCAIBCYAQEBROAEDACFIBA4FASAIIBIBACCABDABAKCQFDUDACBABBIAQKCWZAEAQMAIYAEEACEYCAEAQKKQCAYFCQLYA,Bandle City|Bilgewater|Freljord,40,16,,,,,"[{""c"":""01FR022"",""n"":3},{""c"":""02BW046"",""n"":3},{""c"":""06FR021"",""n"":3},{""c"":""07BC009"",""n"":3},{""c"":""08BC002"",""n"":3},{""c"":""08FR024"",""n"":3},{""c"":""05BC005"",""n"":3},{""c"":""05BC029"",""n"":3},{""c"":""04FR010"",""n"":2},{""c"":""05BC217"",""n"":2},{""c"":""06FR024"",""n"":2},{""c"":""08FR019"",""n"":2},{""c"":""01FR005"",""n"":2},{""c"":""01FR042"",""n"":2},{""c"":""06BC040"",""n"":2},{""c"":""06BC047"",""n"":2}]"
2026-05-01,195,Jef Cabeça,85.0,TDduUr4WgHBujH1fMopZIGNGL57NG8TpKFDpwbwg_yFVtFxPUi6feBLN8uuefvE_ARQSB9ak6L966w,CIBACAYJBEBAGBADBMEQCAYEAUAQICIKAECAIBYBAUCCMAIGBEVQCBQEFYAQQBAJAEEAKEQEAMEROKSW3UAQOAIBAQ2ACAYJLQAQIBARAECQIGIBAYES2AIGAQVQCBYJAE,F45|F92|Freljord|Mount Targon|Piltover & Zaun|Shadow Isles,40,22,,,,,"[{""c"":""03MT009"",""n"":3},{""c"":""03PZ003"",""n"":3},{""c"":""03PZ011"",""n"":3},{""c"":""03PZ005"",""n"":2},{""c"":""04MT010"",""n"":2},{""c"":""04PZ007"",""n"":2},{""c"":""05PZ038"",""n"":2},{""c"":""06MT043"",""n"":2},{""c"":""06PZ046"",""n"":2},{""c"":""08PZ009"",""n"":2},{""c"":""08SI018"",""n"":2},{""c"":""03MT023"",""n"":2},{""c"":""03MT042"",""n"":2},{""c"":""03MT086"",""n"":2},{""c"":""03MT221"",""n"":2},{""c"":""01FR004"",""n"":1},{""c"":""52FR003"",""n"":1},{""c"":""09F92001"",""n"":1},{""c"":""04PZ017"",""n"":1},{""c"":""01SI004"",""n"":1},{""c"":""25FR006"",""n"":1},{""c"":""09F45001"",""n"":1}]"
2026-05-01,202,SheIsMad,83.0,NVGTWcWoUZrD62EzcqD1V22S8pfNh_UkFMV2iGllGTXHoBICJCuu3sU7nY2PkweidD7Jsw8UnHZ9Ww,CQDACAQEBIAQMCQ2AEEAUBICA4FASFADAECAQGJUAMCQIAQGBYBQCAIEGUAQKCSGAEEAIGABAEDAIKY,Bandle City|Bilgewater|Piltover & Zaun,40,15,,,,,"[{""c"":""02PZ010"",""n"":3},{""c"":""06BC026"",""n"":3},{""c"":""08BC005"",""n"":3},{""c"":""07BC009"",""n"":3},{""c"":""07BC020"",""n"":3},{""c"":""01PZ008"",""n"":3},{""c"":""01PZ025"",""n"":3},{""c"":""01PZ052"",""n"":3},{""c"":""05PZ002"",""n"":3},{""c"":""05PZ006"",""n"":3},{""c"":""05PZ014"",""n"":3},{""c"":""01PZ053"",""n"":2},{""c"":""05BC070"",""n"":2},{""c"":""08PZ024"",""n"":2},{""c"":""01BW004"",""n"":1}]"
2026-05-01,205,Kon Quinx,83.0,fx7diLuT9VhmCIpRc8kUUAPVsC_YfH_wonnX6AQziG2-0lrR9733kl9SQQwginETEbyYXZgbc6xDxg,CEEACAICEAAQCAYYAEBQEEQBAQBA2AIEAMCACBQCEMAQMAY2AEEAGEYEAEAQGIIBAMBBCAIEAMHQEBQCBMTAIAICAMBQCBQDCQBACARFGEBAIAYCAM,F20|Freljord|Ionia|Noxus,38,17,,,,,"[{""c"":""01IO032"",""n"":3},{""c"":""01NX024"",""n"":3},{""c"":""03IO018"",""n"":3},{""c"":""04IO013"",""n"":3},{""c"":""04NX004"",""n"":3},{""c"":""06IO035"",""n"":3},{""c"":""06NX026"",""n"":3},{""c"":""08NX019"",""n"":3},{""c"":""01NX033"",""n"":2},{""c"":""03IO017"",""n"":2},{""c"":""04NX015"",""n"":2},{""c"":""06IO011"",""n"":2},{""c"":""06IO038"",""n"":2},{""c"":""01IO003"",""n"":1},{""c"":""03FR006"",""n"":1},{""c"":""03F20002"",""n"":1},{""c"":""01IO037"",""n"":1}]"
2026-05-01,207,DrChekhov42,81.0,1c4nwBwSyv5F1x83lL5dfhKFmmilYJSGA5t0If7XkaoDeMUcqouHaokbFO8-2k5ClT0A1DDCqeWjkw,CIEACAIDCQAQCBBUAEBQIBIBAYDB2AIHAMHACBYEBEAQQAYMAMBAGAIHBEBACAYEBMBAKBAYDEBQCAIDFMAQKBBGAIBAGAYI,Bilgewater|F38|Freljord|Noxus|Piltover & Zaun,39,16,,,,,"[{""c"":""01NX020"",""n"":3},{""c"":""01PZ052"",""n"":3},{""c"":""03PZ005"",""n"":3},{""c"":""06BW029"",""n"":3},{""c"":""07NX014"",""n"":3},{""c"":""07PZ009"",""n"":3},{""c"":""08NX012"",""n"":3},{""c"":""02NX001"",""n"":3},{""c"":""02NX007"",""n"":3},{""c"":""02NX009"",""n"":3},{""c"":""03PZ011"",""n"":2},{""c"":""05PZ024"",""n"":2},{""c"":""05PZ025"",""n"":2},{""c"":""01FR003"",""n"":1},{""c"":""43FR005"",""n"":1},{""c"":""04F38002"",""n"":1}]"
2026-05-02,211,ZequiSlo,75.0,sDHVIztIwYIUMUMQMbtW8_F0xNYe4ZkpSBHW9D2r8pxioi2rKuddbjA33gjylSaOO6jIvO4FCZQXRg,CEBAEBIEAYHAIAIEBAMTIOQFAECACCQBBACBQAQFAQBAUAQIAEJRQBABAECBMHRKAIAQCAIBAECACDA,Freljord|Piltover & Zaun,40,18,52.5,35.0,12.5,aggro,"[{""c"":""05PZ006"",""n"":3},{""c"":""05PZ014"",""n"":3},{""c"":""01PZ008"",""n"":3},{""c"":""01PZ025"",""n"":3},{""c"":""01PZ052"",""n"":3},{""c"":""01PZ058"",""n"":3},{""c"":""04FR010"",""n"":2},{""c"":""08PZ024"",""n"":2},{""c"":""05PZ002"",""n"":2},{""c"":""05PZ010"",""n"":2},{""c"":""08FR019"",""n"":2},{""c"":""08FR024"",""n"":2},{""c"":""01FR004"",""n"":2},{""c"":""01FR022"",""n"":2},{""c"":""01FR030"",""n"":2},{""c"":""01FR042"",""n"":2},{""c"":""01FR001"",""n"":1},{""c"":""01FR004"",""n"":1}]"
2026-05-02,216,DRredstone1221,70.0,NocTgROEfKLU_VprskbNwWRB6cyrnpCwLffRWT_3Yi24kPQdklHFGjtSPRww5KHRtz55-22d44GyJQ,CQCACBACB4BACAQIFQBQKCQEGE5AGBICAQKRUBABAEBAWAIGAIQACCICGUBAKAQGDABQCAICEEAQGAQTAECQVNQB,Bandle City|F19|Freljord|Ionia,40,17,,,,,"[{""c"":""04IO015"",""n"":3},{""c"":""01IO008"",""n"":3},{""c"":""01IO044"",""n"":3},{""c"":""05BC004"",""n"":3},{""c"":""05BC049"",""n"":3},{""c"":""05BC058"",""n"":3},{""c"":""05IO004"",""n"":3},{""c"":""05IO021"",""n"":3},{""c"":""05IO026"",""n"":3},{""c"":""01IO011"",""n"":2},{""c"":""06IO032"",""n"":2},{""c"":""09IO053"",""n"":2},{""c"":""05IO006"",""n"":2},{""c"":""05IO024"",""n"":2},{""c"":""01FR002"",""n"":1},{""c"":""33FR003"",""n"":1},{""c"":""02F19001"",""n"":1}]"
2026-05-02,218,Sigep0361,69.0,SqxpFUWSXhjOG2G3E32vacxCUd0CcHXo6WH6NjmXhk8oZFEM5YFrkHiN-YDrizXIw-vz7MQZQinCBw,CMCACBQGFUAQMBYFAQCAMAIDAUHQMBAHCMLECRCKKAAQCBAGAIBACBAGA4AQQAYM,Bilgewater|Freljord|Piltover & Zaun|Shurima,40,15,,,,,"[{""c"":""06BW045"",""n"":3},{""c"":""06SH005"",""n"":3},{""c"":""04BW001"",""n"":3},{""c"":""04BW003"",""n"":3},{""c"":""04BW005"",""n"":3},{""c"":""04BW015"",""n"":3},{""c"":""04SH019"",""n"":3},{""c"":""04SH022"",""n"":3},{""c"":""04SH065"",""n"":3},{""c"":""04SH068"",""n"":3},{""c"":""04SH074"",""n"":3},{""c"":""04SH080"",""n"":3},{""c"":""04BW002"",""n"":2},{""c"":""01PZ006"",""n"":1},{""c"":""07FR008"",""n"":1}]"
2026-05-02,219,MrPapichurris,68.0,k5Mo2wzvsv69wr-ICakBXkpwPqxDhYBp9bOHGBRzFkYUpEMe6ORsHPlEf_A5xI8kguB54rx9M-WHHQ,CECQCBABCMAQQAAKAEEACEYCAEABULIHAEAQCCYSDYTCQKQCAEDACHIBBAARQAA,Demacia|Freljord,40,14,35.0,42.5,22.5,midrange,"[{""c"":""04FR019"",""n"":3},{""c"":""08DE010"",""n"":3},{""c"":""08FR019"",""n"":3},{""c"":""01DE026"",""n"":3},{""c"":""01DE045"",""n"":3},{""c"":""01FR001"",""n"":3},{""c"":""01FR011"",""n"":3},{""c"":""01FR018"",""n"":3},{""c"":""01FR030"",""n"":3},{""c"":""01FR038"",""n"":3},{""c"":""01FR040"",""n"":3},{""c"":""01FR042"",""n"":3},{""c"":""06FR029"",""n"":2},{""c"":""08FR024"",""n"":2}]"
2026-05-02,221,gabriel1223,68.0,1WsbtUX9V0m0CYHe8GUY_TGfwxFuO9kepcE4_H4riGZg8gFe-EmFi3WkCuzdZ-FoaTmX5AX3t8UVdQ,CUDACAQBAMAQIAIPAEDAUKYBA4GA6AIJAEFAEAIBBAIAMAIBAQKACAIFEUAQGCJHAECQVDABAEDACFIBBACASBYBAEADCAIBAICQCAIDEIAQEBQKAEBQIEYBAQDTCAIIAQMQ,Bandle City|F19|Freljord|Ionia|Mount Targon|Noxus|Piltover & Zaun|Runeterra|Shadow Isles,40,20,,,,,"[{""c"":""02FR003"",""n"":3},{""c"":""04FR015"",""n"":3},{""c"":""06BC043"",""n"":3},{""c"":""07RU015"",""n"":3},{""c"":""09FR010"",""n"":3},{""c"":""01FR008"",""n"":3},{""c"":""01FR016"",""n"":3},{""c"":""01PZ020"",""n"":2},{""c"":""01SI037"",""n"":2},{""c"":""03MT039"",""n"":2},{""c"":""05BC140"",""n"":2},{""c"":""06FR021"",""n"":2},{""c"":""08PZ009"",""n"":2},{""c"":""01FR000"",""n"":1},{""c"":""49FR001"",""n"":1},{""c"":""02SI001"",""n"":1},{""c"":""01NX034"",""n"":1},{""c"":""01IO006"",""n"":1},{""c"":""10FR003"",""n"":1},{""c"":""04F19001"",""n"":1}]"
2026-05-03,223,Jøsst,64.0,XHgsBjE5uwO_L_s6vYm5QzqxMmbjlkVTwRtUnzCdk3V-FSoUuUKB2BdR96DUg93RoTQLjljQ35bjTg,CECAEAIBCYTAEAIDD4QQECABCMMAGBADAQEA6BABAEAR4AIEAMBACBQBCIAQQAAGAQAQGAICAECACCQBA4AQWAQBAEUSU,Bandle City|Demacia|Freljord|Noxus,39,17,,,,,"[{""c"":""01FR022"",""n"":3},{""c"":""01FR038"",""n"":3},{""c"":""01NX031"",""n"":3},{""c"":""01NX033"",""n"":3},{""c"":""08FR019"",""n"":3},{""c"":""08FR024"",""n"":3},{""c"":""04NX004"",""n"":3},{""c"":""04NX008"",""n"":3},{""c"":""04NX015"",""n"":3},{""c"":""01FR030"",""n"":2},{""c"":""04NX002"",""n"":2},{""c"":""06FR018"",""n"":2},{""c"":""08DE006"",""n"":2},{""c"":""01NX001"",""n"":1},{""c"":""02FR004"",""n"":1},{""c"":""01BC001"",""n"":1},{""c"":""07FR011"",""n"":1}]"
2026-05-03,227,CaptainAmericano,61.0,9AIzKgYjU_clQy6IBUjdxSiosCqltUdHYmWJ46Ok9segKFx9wPVlmq3cgzE6z5caZVKPyP5_Csc0xA,CEDACAIEGQAQGAQUAEBQICYBBACASAIJAI5AEBYCBMKAGAIBAIUQCBIEEYBAOAQRCMEQCAQCAUAQKAQGAECQIGIBAYBCAAIHAIDQCBYECEAQQAQKAIAQEJJRAIDAIEQV,Bilgewater|F08|Freljord|Ionia|Piltover & Zaun|Shurima,38,20,,,,,"[{""c"":""01PZ052"",""n"":3},{""c"":""03IO020"",""n"":3},{""c"":""03PZ011"",""n"":3},{""c"":""08PZ009"",""n"":3},{""c"":""09IO058"",""n"":3},{""c"":""07IO011"",""n"":3},{""c"":""07IO020"",""n"":3},{""c"":""01IO041"",""n"":2},{""c"":""05PZ038"",""n"":2},{""c"":""07IO017"",""n"":2},{""c"":""07IO019"",""n"":2},{""c"":""01IO002"",""n"":1},{""c"":""05FR005"",""n"":1},{""c"":""02BW001"",""n"":1},{""c"":""05PZ025"",""n"":1},{""c"":""01BW002"",""n"":1},{""c"":""32FR007"",""n"":1},{""c"":""02SH001"",""n"":1},{""c"":""07PZ017"",""n"":1},{""c"":""01F08002"",""n"":1}]"
2026-05-03,230,VentoBravo PQD,53.0,FnX0tnqKEgMTrOM2Udhn4qtVd-NMADklHVu7Wq6FdhTa6ZroG_Y2Mzr-ny3_0Isb_9OOnv59Ym51zA,CEEQCAQBAIAQGAIWAEBQIBIBAYAAMAIHAQEQCCABDABACAIBCYBACBAIGQBAMAIIBEBACAIBFIAQGBALAA,Demacia|Freljord|Piltover & Zaun,40,14,,,,,"[{""c"":""02FR002"",""n"":3},{""c"":""03FR022"",""n"":3},{""c"":""03PZ005"",""n"":3},{""c"":""06DE006"",""n"":3},{""c"":""07PZ009"",""n"":3},{""c"":""08FR024"",""n"":3},{""c"":""01FR001"",""n"":3},{""c"":""01FR022"",""n"":3},{""c"":""01PZ008"",""n"":3},{""c"":""01PZ052"",""n"":3},{""c"":""06FR008"",""n"":3},{""c"":""06FR009"",""n"":3},{""c"":""01FR042"",""n"":2},{""c"":""03PZ011"",""n"":2}]"
2026-05-03,231,AltarOfHate,52.0,YYvkA9rV2i6QVyaYcMnMCPCwJoZskaQBUra6d5hV39qPLX2e5pJLDHcBJG3_eQduTBWJ__Aozhl-iw,CMBQCBQFEYBAIBYDDIBQCBIECUVAKAIHAUBACCIHBEBAMBIPEABQCBIBBILQGBAHGM5HEAQBAQDTWAIHA4LQ,Freljord|Piltover & Zaun|Shadow Isles|Shurima,40,18,,,,,"[{""c"":""06SI038"",""n"":3},{""c"":""04SH003"",""n"":3},{""c"":""04SH026"",""n"":3},{""c"":""01SI004"",""n"":3},{""c"":""01SI021"",""n"":3},{""c"":""01SI042"",""n"":3},{""c"":""07SI002"",""n"":2},{""c"":""09SH009"",""n"":2},{""c"":""06SI015"",""n"":2},{""c"":""06SI032"",""n"":2},{""c"":""01SI001"",""n"":2},{""c"":""01SI010"",""n"":2},{""c"":""01SI023"",""n"":2},{""c"":""04SH051"",""n"":2},{""c"":""04SH058"",""n"":2},{""c"":""04SH114"",""n"":2},{""c"":""01PZ007"",""n"":1},{""c"":""59FR007"",""n"":1}]"
2026-05-03,242,Caitsyth,45.0,h8BCgMszqXz5pCS7doxfSCNwPjEL4Jr_fcSPpFWcD6Jr9k6SJixurVcExOLnWAU9BXJ7zVj6eVu9NA,CECAEAIDD4QQEBADAQHQECABCMMAMAIBCILB4JRJFIAQCBADBABACAIBAQAQIAYC,Freljord|Noxus,40,15,,,,,"[{""c"":""01NX031"",""n"":3},{""c"":""01NX033"",""n"":3},{""c"":""04NX004"",""n"":3},{""c"":""04NX015"",""n"":3},{""c"":""08FR019"",""n"":3},{""c"":""08FR024"",""n"":3},{""c"":""01FR018"",""n"":3},{""c"":""01FR022"",""n"":3},{""c"":""01FR030"",""n"":3},{""c"":""01FR038"",""n"":3},{""c"":""01FR041"",""n"":3},{""c"":""01FR042"",""n"":3},{""c"":""04NX008"",""n"":2},{""c"":""01FR001"",""n"":1},{""c"":""04FR004"",""n"":1}]"
2026-05-03,243,1lud1d0,42.0,jRy9WzRUavolHuoXSLs57kwiShQXzO3KbkcwG0oqwCuiNfF37LCIxSMifA_I5cvK7ZArVXtAdfMDfA,CMAQCBAHCQCQCAIDD4AQGAYNAECQGEYDAQDTOO3WAUCAGAQEBAFA6BQBBACSUAQGAMOSQAQIAMER2AYEAMBQMEYDAQDRAIBQAQAQGCYQEE2Q,F08|F29|Ionia|Noxus|Shurima,31,18,,,,,"[{""c"":""04SH020"",""n"":3},{""c"":""01NX031"",""n"":2},{""c"":""03NX013"",""n"":2},{""c"":""05NX019"",""n"":2},{""c"":""04SH055"",""n"":2},{""c"":""04SH059"",""n"":2},{""c"":""04SH118"",""n"":2},{""c"":""04NX002"",""n"":2},{""c"":""04NX004"",""n"":2},{""c"":""04NX008"",""n"":2},{""c"":""04NX010"",""n"":2},{""c"":""04NX015"",""n"":2},{""c"":""01F08005"",""n"":1},{""c"":""42IO006"",""n"":1},{""c"":""03F29040"",""n"":1},{""c"":""02F08003"",""n"":1},{""c"":""09F29003"",""n"":1},{""c"":""04NX003"",""n"":1}]"
2026-05-03,245,n1cOw1,33.0,gWLGE1M0AyBdaHFejf6iBykXCU7SQgHtfGRuQcL5YJIjvxZWrh9j4s1r3aauIrDFBf3dDSfh-91png,CEDACAYBAIAQIAISAECQCDYCAQBQIDYDAEAQ4MBTAMAQGHZBEYBACAIBD4BACAYTGQAQCAYDCI,Freljord|Noxus,40,15,30.0,42.5,27.5,midrange,"[{""c"":""03FR002"",""n"":3},{""c"":""04FR018"",""n"":3},{""c"":""05FR015"",""n"":3},{""c"":""04NX004"",""n"":3},{""c"":""04NX015"",""n"":3},{""c"":""01FR014"",""n"":3},{""c"":""01FR048"",""n"":3},{""c"":""01FR051"",""n"":3},{""c"":""01NX031"",""n"":3},{""c"":""01NX033"",""n"":3},{""c"":""01NX038"",""n"":3},{""c"":""01FR031"",""n"":2},{""c"":""01NX019"",""n"":2},{""c"":""01NX052"",""n"":2},{""c"":""01NX003"",""n"":1}]"
2026-05-03,247,Money Strat,32.0,aNXe4KyKejRvmnLrmL9naI3QhOodhgMiReNRRT503ZZB7GF4uGwvB8lutK0ac_XQVdco3TxN-ogLSg,CICQCAIADIAQGCK4AEEAACQBBACREAQFBEBQMBYBAIAACAIDAAHACBIJBUAQMCJBAEEQAKICAMESGMYCBAEQGFYCAEDQAAQDAMEQGV3E,Demacia|Mount Targon|Noxus|Shadow Isles|Shurima,38,17,,,,,"[{""c"":""01DE026"",""n"":3},{""c"":""03MT092"",""n"":3},{""c"":""08DE010"",""n"":3},{""c"":""08SI018"",""n"":3},{""c"":""05MT003"",""n"":3},{""c"":""05MT006"",""n"":3},{""c"":""02DE001"",""n"":2},{""c"":""03DE014"",""n"":2},{""c"":""05MT013"",""n"":2},{""c"":""06MT033"",""n"":2},{""c"":""09DE041"",""n"":2},{""c"":""03MT035"",""n"":2},{""c"":""03MT051"",""n"":2},{""c"":""08MT003"",""n"":2},{""c"":""08MT023"",""n"":2},{""c"":""01SH000"",""n"":1},{""c"":""02NX003"",""n"":1}]"
2026-05-03,248,JSPope,31.0,UaG34YMRDb-W7-iBZbPRCrwyVu3E9LrTueArfv1GB6KVgRTOmp24luuTNakw6mUn_Qpqq9NxwFIcKg,CIDQCAQAAIAQGAAOAECQADABAYCAQAIIAADACCAJAMCQMAAGBIFRKHADAEBAAAIBAQAAGAIIAAFACAIBAAGQ,Demacia|Freljord|Mount Targon|Piltover & Zaun,40,15,,,,,"[{""c"":""02DE002"",""n"":3},{""c"":""03DE014"",""n"":3},{""c"":""05DE012"",""n"":3},{""c"":""06PZ008"",""n"":3},{""c"":""08DE006"",""n"":3},{""c"":""08MT003"",""n"":3},{""c"":""06DE006"",""n"":3},{""c"":""06DE010"",""n"":3},{""c"":""06DE011"",""n"":3},{""c"":""06DE021"",""n"":3},{""c"":""06DE028"",""n"":3},{""c"":""02DE001"",""n"":2},{""c"":""04DE003"",""n"":2},{""c"":""08DE010"",""n"":2},{""c"":""01FR000"",""n"":1}]"
2026-05-03,249,Sartiga,30.0,WLDSNkghXhLWN4bili67RcwqUiroSia-3tdh4UKOMGobX8xH1cpLMqcHOhdEIdQNi7G6pp2JZvaxpg,CUDQCAQBAMAQGBATAEDAUKYBA4EQCAIHBQHQGAIBBAIBSAYDBERTGVICAEAQGIQBAMEROAYBAECBIAIDBEGQCBQBCU,Bandle City|F13|Freljord|Mount Targon|Noxus|Piltover & Zaun|Runeterra,40,16,,,,,"[{""c"":""02FR003"",""n"":3},{""c"":""03PZ019"",""n"":3},{""c"":""06BC043"",""n"":3},{""c"":""07MT001"",""n"":3},{""c"":""07RU015"",""n"":3},{""c"":""01FR008"",""n"":3},{""c"":""01FR016"",""n"":3},{""c"":""01FR025"",""n"":3},{""c"":""03MT035"",""n"":3},{""c"":""03MT051"",""n"":3},{""c"":""03MT085"",""n"":3},{""c"":""01NX034"",""n"":2},{""c"":""03MT023"",""n"":2},{""c"":""01FR004"",""n"":1},{""c"":""20FR003"",""n"":1},{""c"":""09F13001"",""n"":1}]"
2026-05-03,254,DOUBLE A BATTERY,23.0,Zi0ooeaPDWtw0B9w-RjKJY0dQYd5HBm2tsJ7A8KZ8jzmtH8-2iKuFqgrLFsAhewrnQoFgRutqAx-zA,CUDQCAIBCYAQMCQ2AEDASHIBAYGACAIIAADACCABCMBAMAIVDQDACAIBFEAQEAICAEDAULABAYES6AIIAEMAEBQBDAQAEAICAEDQCBABBI,Bandle City|Demacia|Freljord|Ionia|Mount Targon|Runeterra,40,17,,,,,"[{""c"":""01FR022"",""n"":3},{""c"":""06BC026"",""n"":3},{""c"":""06MT029"",""n"":3},{""c"":""06RU001"",""n"":3},{""c"":""08DE006"",""n"":3},{""c"":""08FR019"",""n"":3},{""c"":""06FR021"",""n"":3},{""c"":""06FR028"",""n"":3},{""c"":""01FR041"",""n"":2},{""c"":""02FR002"",""n"":2},{""c"":""06BC044"",""n"":2},{""c"":""06MT047"",""n"":2},{""c"":""08FR024"",""n"":2},{""c"":""06FR024"",""n"":2},{""c"":""06FR032"",""n"":2},{""c"":""01IO001"",""n"":1},{""c"":""07FR004"",""n"":1}]"
2026-05-03,255,Trifle Majere,23.0,tf641_l66h0MlgDHyL2MBwElSYYiRDAFWzDcQXXd7VZ56yipmoexmw4iN3hV9ypP0tOL4LGrw4tC8g,CQCQCAIFGEAQKCT7AEDQUCIDBACQOJJKAYDAKDAQDMOCMLICAEDQKAQBBAFAEAA,Bandle City|Shadow Isles,40,14,,,,,"[{""c"":""01SI049"",""n"":3},{""c"":""05BC127"",""n"":3},{""c"":""07BC009"",""n"":3},{""c"":""08SI007"",""n"":3},{""c"":""08SI037"",""n"":3},{""c"":""08SI042"",""n"":3},{""c"":""06SI012"",""n"":3},{""c"":""06SI016"",""n"":3},{""c"":""06SI027"",""n"":3},{""c"":""06SI028"",""n"":3},{""c"":""06SI038"",""n"":3},{""c"":""06SI045"",""n"":3},{""c"":""07SI002"",""n"":2},{""c"":""08BC002"",""n"":2}]"
2026-05-03,257,zstacks,20.0,xCbtgFA1YJQrtWRSNqIBB_baxYXZ66BcsBQbAO7etA2BfFCZ987Qsw5255i7DZuwYWIoDYzag-wMPg,CEDQCAYBAIAQMAI4AEEAABQBBAARQAIIAMEQEBADAQHQGAIBCYTDABABAEBSCAIEAMEACBQDDIBACAILFIAA,Demacia|Freljord|Noxus,40,15,,,,,"[{""c"":""03FR002"",""n"":3},{""c"":""06FR028"",""n"":3},{""c"":""08DE006"",""n"":3},{""c"":""08FR024"",""n"":3},{""c"":""08NX009"",""n"":3},{""c"":""04NX004"",""n"":3},{""c"":""04NX015"",""n"":3},{""c"":""01FR022"",""n"":3},{""c"":""01FR038"",""n"":3},{""c"":""01FR048"",""n"":3},{""c"":""01NX033"",""n"":2},{""c"":""04NX008"",""n"":2},{""c"":""06NX026"",""n"":2},{""c"":""01FR011"",""n"":2},{""c"":""01FR042"",""n"":2}]"
2026-05-03,259,mk7777777,16.0,z7M8XIW7YOCEDSfWlQSjrOr6gPlQTv4LDmjJathf8WWzBqHw8YoZCg4vLXZbFAnVKxgWL7OAgHjaUA,CICACAYJBYAQKCIGAIBQAAQLAICAADQUAQAQOAAFAEDQSAYDAMAACBQZAUBQSAYXKVLWIAICAMAAODQ,Demacia|Mount Targon|Noxus,39,17,,,,,"[{""c"":""03MT014"",""n"":3},{""c"":""05MT006"",""n"":3},{""c"":""03DE002"",""n"":3},{""c"":""03DE011"",""n"":3},{""c"":""04DE014"",""n"":3},{""c"":""04DE020"",""n"":3},{""c"":""07DE005"",""n"":2},{""c"":""07MT003"",""n"":2},{""c"":""03DE001"",""n"":2},{""c"":""03DE006"",""n"":2},{""c"":""03DE025"",""n"":2},{""c"":""03MT003"",""n"":2},{""c"":""03MT023"",""n"":2},{""c"":""03MT085"",""n"":2},{""c"":""03MT087"",""n"":2},{""c"":""03MT100"",""n"":2},{""c"":""02NX000"",""n"":1}]"
2026-05-03,260,Keldog,15.0,1CKHt5W262OqVUahdjh11tOI_iLOClJy8SS9v3HT9RIEWsSJ40CQAUPI_xtuajXdOFC7cdvA3xsd3A,CUDQCBIKDUAQMCJPAEDAYAIBA4FBIAIIAUKQCCIKCQBAMCQLCUCACBIKAEAQMCI5AIDAUHZPAIEAUAQGAIAQMCRLAMCQUEYUWEAQ,Bandle City|Bilgewater|Mount Targon|Noxus|Runeterra|Shadow Isles,38,16,,,,,"[{""c"":""05BC029"",""n"":3},{""c"":""06MT047"",""n"":3},{""c"":""06RU001"",""n"":3},{""c"":""07BC020"",""n"":3},{""c"":""08SI021"",""n"":3},{""c"":""09BC020"",""n"":3},{""c"":""06BC011"",""n"":3},{""c"":""06BC021"",""n"":3},{""c"":""05BC001"",""n"":2},{""c"":""06MT029"",""n"":2},{""c"":""06BC031"",""n"":2},{""c"":""06BC047"",""n"":2},{""c"":""08BC002"",""n"":2},{""c"":""08BC006"",""n"":2},{""c"":""01BW010"",""n"":1},{""c"":""43NX005"",""n"":1}]"
2026-05-04,261,Arfilion,15.0,w5T0Juwqz8aUwHcRj5-fehs9dULlHagJG9j561E4xl9-xHA2rI0-dBNq-JoOIVyCNOtgVQxCNIGf4Q,CEEACAIFFEAQEAYJAECAGBABAUBQCAIGAMNQCCAFFEBAIBIQDQBQMBIQFUXAEAIGAUKAEAIFAEYQCAIGAUSQ,Bilgewater|Noxus|Shadow Isles,40,15,,,,,"[{""c"":""01SI041"",""n"":3},{""c"":""02NX009"",""n"":3},{""c"":""04NX004"",""n"":3},{""c"":""05NX001"",""n"":3},{""c"":""06NX027"",""n"":3},{""c"":""08SI041"",""n"":3},{""c"":""04SI016"",""n"":3},{""c"":""04SI028"",""n"":3},{""c"":""06SI016"",""n"":3},{""c"":""06SI045"",""n"":3},{""c"":""06SI046"",""n"":3},{""c"":""06SI020"",""n"":2},{""c"":""01SI001"",""n"":2},{""c"":""01SI049"",""n"":2},{""c"":""01BW005"",""n"":1}]"
2026-05-04,263,O ViiLão,15.0,DXYPj2zbMB7NxuSLESG0SJsgelVNXkRHdZuTgBx2wSEneCIBAZMyyMZaMbAeDDsIQHPIQp7uho9Nrw,CIBQCAYJGYAQICINAMAQECAPFYDQCAQCAUAQGAQUAEDASIIBBEBDWAQBAIFTCAQGAIFCAAYDBENBWYADAEAQEAQBAQEQ4AIFBEHA,F14|Freljord|Ionia|Mount Targon,40,19,,,,,"[{""c"":""03MT054"",""n"":3},{""c"":""04MT013"",""n"":3},{""c"":""01IO008"",""n"":3},{""c"":""01IO015"",""n"":3},{""c"":""01IO046"",""n"":3},{""c"":""02IO005"",""n"":2},{""c"":""03IO020"",""n"":2},{""c"":""06MT033"",""n"":2},{""c"":""09IO059"",""n"":2},{""c"":""01IO011"",""n"":2},{""c"":""01IO049"",""n"":2},{""c"":""06IO010"",""n"":2},{""c"":""06IO032"",""n"":2},{""c"":""03MT026"",""n"":2},{""c"":""03MT027"",""n"":2},{""c"":""03MT096"",""n"":2},{""c"":""01FR002"",""n"":1},{""c"":""02FR004"",""n"":1},{""c"":""09F14001"",""n"":1}]"
2026-05-04,264,Tu4VRFnHjgnlpffO,14.0,BpYGlOm4Ey6kNjMWtrHlSUfugD0WvesWCu0JkVoeaKE1FWDR4uPe0z0pgpwlet1UTz1gqGH-KSLD-Q,CECACBQCBEAQSBINAMAQKFIXFICQMBIDB4QCMLIEAEAQKMIBAIBAKAIGAUSQCBYFAIBACAIFBIAQIAQO,Freljord|Ionia|Shadow Isles,40,16,,,,,"[{""c"":""06IO009"",""n"":3},{""c"":""09SI013"",""n"":3},{""c"":""01SI021"",""n"":3},{""c"":""01SI023"",""n"":3},{""c"":""01SI042"",""n"":3},{""c"":""06SI003"",""n"":3},{""c"":""06SI015"",""n"":3},{""c"":""06SI032"",""n"":3},{""c"":""06SI038"",""n"":3},{""c"":""06SI045"",""n"":3},{""c"":""01SI049"",""n"":2},{""c"":""02IO005"",""n"":2},{""c"":""06SI037"",""n"":2},{""c"":""07SI002"",""n"":2},{""c"":""01FR005"",""n"":1},{""c"":""10FR004"",""n"":1}]"
2026-05-04,266,yummyfridchicken,12.0,PUsNURJe2VxdHbUpClnEirFULa8D5oRJ0Lw4JUkQuci-AAcn6c5q-1_0rUDp_9C-DrY2dLf3FYamGQ,CQAQCCAEBEBQCAICFEBAMBASCUBAOAQLCQHACAICGEAQEAQFAEBAIBQBAMBBIAIDAQFQCBICAYAQOBAJAEEAUBQBBACBUAQGAIQCIAQHAIIRGAYBAQASCNAFAYCASIBIFMXAMBIEBIIRQGI3EY,Bilgewater|F11|F36|Freljord|Ionia|Noxus|Piltover & Zaun|Shadow Isles|Shurima,27,20,,,,,"[{""c"":""08PZ009"",""n"":3},{""c"":""01IO041"",""n"":2},{""c"":""06PZ018"",""n"":2},{""c"":""06PZ021"",""n"":2},{""c"":""07IO011"",""n"":2},{""c"":""07IO020"",""n"":2},{""c"":""01FR002"",""n"":1},{""c"":""49FR002"",""n"":1},{""c"":""02SI001"",""n"":1},{""c"":""02PZ006"",""n"":1},{""c"":""01NX002"",""n"":1},{""c"":""20FR003"",""n"":1},{""c"":""04F11001"",""n"":1},{""c"":""05IO006"",""n"":1},{""c"":""01SH004"",""n"":1},{""c"":""09FR008"",""n"":1},{""c"":""10BW001"",""n"":1},{""c"":""08PZ026"",""n"":1},{""c"":""02BW002"",""n"":1},{""c"":""32F36002"",""n"":1}]"
2026-05-04,267,Edgy Dank Memer,9.0,F74AKcKMmPGOnYg66v1j86wCa8V6a1aGJrZDLcyWZ85FJLfiGjvMJR1wC_Nzsz-vWuaUikoWp-d0eg,CEDACAIFAEAQGAIWAEEACAICAYASIKIDAQCTKNZYAQAQCDAXFI2AEAIBAUOQCBYFAEAA,Freljord|Shadow Isles,40,14,,,,,"[{""c"":""01SI001"",""n"":3},{""c"":""03FR022"",""n"":3},{""c"":""08FR001"",""n"":3},{""c"":""06FR036"",""n"":3},{""c"":""06FR041"",""n"":3},{""c"":""04SI053"",""n"":3},{""c"":""04SI055"",""n"":3},{""c"":""04SI056"",""n"":3},{""c"":""01FR012"",""n"":3},{""c"":""01FR023"",""n"":3},{""c"":""01FR042"",""n"":3},{""c"":""01FR052"",""n"":3},{""c"":""01SI029"",""n"":2},{""c"":""07SI001"",""n"":2}]"
2026-05-04,270,ANG3L,3.0,64T_QJuxrjgymcgVU_WRi83XMzxl5n3CFbhCLnEpra1r8axDA_rRCCP2Lvk2rIRx-TL7jn-FAfdNqQ,CIDACBYJBEAQQAI6AIDACJBJAIEASAY7AMAQCDBBFICAGCIOCVLWIAABAEBQCFQ,Freljord|Mount Targon|Noxus,40,14,,,,,"[{""c"":""07MT009"",""n"":3},{""c"":""08FR030"",""n"":3},{""c"":""06FR036"",""n"":3},{""c"":""06FR041"",""n"":3},{""c"":""08MT003"",""n"":3},{""c"":""08MT031"",""n"":3},{""c"":""01FR012"",""n"":3},{""c"":""01FR033"",""n"":3},{""c"":""01FR042"",""n"":3},{""c"":""03MT014"",""n"":3},{""c"":""03MT021"",""n"":3},{""c"":""03MT087"",""n"":3},{""c"":""03MT100"",""n"":3},{""c"":""01NX001"",""n"":1}]"
2026-05-04,271,Sly Red Fox,2.0,qNGovuOe08n5NBGIEcT_dIfURM1u8IzaHv10QLvx21USMMmEfqS3Pf7tdM7_gh9Hxo-sVjCBaXMUCQ,CEBQCAIDCMAQIAYEAQDAKDAQDQTAQAIDAMBQCBADCYAQMBINAEDQKAQBBABRGAIJAUGQEAIDBUPQEAQDAMEQCAQBAUAQG,Freljord|Noxus|Shadow Isles,39,17,,,,,"[{""c"":""01NX019"",""n"":3},{""c"":""04NX004"",""n"":3},{""c"":""06SI012"",""n"":3},{""c"":""06SI016"",""n"":3},{""c"":""06SI028"",""n"":3},{""c"":""06SI038"",""n"":3},{""c"":""03NX003"",""n"":2},{""c"":""04NX022"",""n"":2},{""c"":""06SI013"",""n"":2},{""c"":""07SI002"",""n"":2},{""c"":""08NX019"",""n"":2},{""c"":""09SI013"",""n"":2},{""c"":""01NX013"",""n"":2},{""c"":""01NX031"",""n"":2},{""c"":""02NX003"",""n"":2},{""c"":""02NX009"",""n"":2},{""c"":""02FR005"",""n"":1}]"
2026-05-04,272,Eksirf,2.0,suoMpWzGhtjvF_YYo5Yz40FMKQk5OdgLb3OF_JE5690sWdr1F5HzX1HoRMd2zOvlW2IdzkrNq7UuOw,CMCACBQGFUAQMBYFAQCAOE2EJJIAMBAGAEBAGBAFB4AQCBAHIEBACBAGA4AQIBYW,Bilgewater|Freljord|Piltover & Zaun|Shurima,40,15,,,,,"[{""c"":""06BW045"",""n"":3},{""c"":""06SH005"",""n"":3},{""c"":""04SH019"",""n"":3},{""c"":""04SH068"",""n"":3},{""c"":""04SH074"",""n"":3},{""c"":""04SH080"",""n"":3},{""c"":""04BW001"",""n"":3},{""c"":""04BW002"",""n"":3},{""c"":""04BW003"",""n"":3},{""c"":""04BW004"",""n"":3},{""c"":""04BW005"",""n"":3},{""c"":""04BW015"",""n"":3},{""c"":""04SH065"",""n"":2},{""c"":""01PZ006"",""n"":1},{""c"":""07FR004"",""n"":1}]"
2026-05-04,275,Street Saint,0.0,E7smQaEa-hHpUuWQqVn-mefaJrXHeFLEoMWV-L32PyWbHALmGjQ3ddKMC9eUIgCOIYgT5g7IyJBAwQ,CUCQCAYAA4AQMABEAEEAYDQCAYASIKIDAEAQCFZKAQAQQAAZAEEACDACAQAQUDQDAEAQYFA6AIAQIAIMAEEACCA,Demacia|Freljord|Piltover & Zaun|Runeterra,40,17,,,,,"[{""c"":""03DE007"",""n"":3},{""c"":""06DE036"",""n"":3},{""c"":""08RU014"",""n"":3},{""c"":""06FR036"",""n"":3},{""c"":""06FR041"",""n"":3},{""c"":""01FR001"",""n"":3},{""c"":""01FR023"",""n"":3},{""c"":""01FR042"",""n"":3},{""c"":""08DE025"",""n"":2},{""c"":""08FR012"",""n"":2},{""c"":""04FR010"",""n"":2},{""c"":""04FR014"",""n"":2},{""c"":""01FR012"",""n"":2},{""c"":""01FR020"",""n"":2},{""c"":""01FR030"",""n"":2},{""c"":""01PZ001"",""n"":1},{""c"":""12FR008"",""n"":1}]"
2026-05-04,276,Wolfstocs,0.0,-M26hvluB9ZYDHpEv8BjleefydV21zzm2QSdI0mNwXnlvMyFNXLt07NFAgW2BGCGksvQ0-vqMu_Fyw,CECACAIBAEAQKBACAEEAIGACAECAQGIGAEBACAQBAICAUAIDAQCQCCABCMBACBBUHICACAIEBMPCUAYBAUCA4AIGAQVQGAIBA4KCM,F43|Freljord|Piltover & Zaun|Shadow Isles,38,18,,,,,"[{""c"":""01FR001"",""n"":3},{""c"":""05PZ002"",""n"":3},{""c"":""08PZ024"",""n"":3},{""c"":""01PZ008"",""n"":3},{""c"":""01PZ025"",""n"":3},{""c"":""02FR002"",""n"":2},{""c"":""02PZ010"",""n"":2},{""c"":""03PZ005"",""n"":2},{""c"":""08FR019"",""n"":2},{""c"":""01PZ052"",""n"":2},{""c"":""01PZ058"",""n"":2},{""c"":""01FR004"",""n"":2},{""c"":""01FR011"",""n"":2},{""c"":""01FR030"",""n"":2},{""c"":""01FR042"",""n"":2},{""c"":""01SI004"",""n"":1},{""c"":""14FR006"",""n"":1},{""c"":""04F43003"",""n"":1}]"
2026-05-04,279,Kidrobot123,0.0,GGgM83nY2yjo8GRYdcY5-_C1fzPnQr8h6htZVFs3CSPZbiBv9fHW5AGWk06pyekwDQTitQueVleKdA,CECACCABDABACAIWEYBACAY7EEBQIAYEBAHQMAIEAMBACBQAAYAQQAAGAEEACEYCAEAR4KICAYAREHAA,Demacia|Freljord|Noxus,40,16,,,,,"[{""c"":""08FR024"",""n"":3},{""c"":""01FR022"",""n"":3},{""c"":""01FR038"",""n"":3},{""c"":""01NX031"",""n"":3},{""c"":""01NX033"",""n"":3},{""c"":""04NX004"",""n"":3},{""c"":""04NX008"",""n"":3},{""c"":""04NX015"",""n"":3},{""c"":""04NX002"",""n"":2},{""c"":""06DE006"",""n"":2},{""c"":""08DE006"",""n"":2},{""c"":""08FR019"",""n"":2},{""c"":""01FR030"",""n"":2},{""c"":""01FR041"",""n"":2},{""c"":""06FR018"",""n"":2},{""c"":""06FR028"",""n"":2}]"
2026-05-04,281,VICEREME,0.0,0dOWqKCbYXD-5wmCrgaSwfICOpIbHqvGMZDNw-U50Xbf-OOjPJxG97aGKvpXz5701cWy3A_mK6PFxg,CMCACCIHBEBACAQMFIBQIAQFBMHAKBAHAMGRUM3SAEAQEAQKAQAQGAQFAECAOOYBBEBDGAQEAICAQ,F59|Freljord|Ionia|Noxus|Shurima,39,16,,,,,"[{""c"":""09SH009"",""n"":3},{""c"":""01IO012"",""n"":3},{""c"":""01IO042"",""n"":3},{""c"":""04IO005"",""n"":3},{""c"":""04IO011"",""n"":3},{""c"":""04IO014"",""n"":3},{""c"":""04SH003"",""n"":3},{""c"":""04SH013"",""n"":3},{""c"":""04SH026"",""n"":3},{""c"":""04SH051"",""n"":3},{""c"":""04SH114"",""n"":3},{""c"":""02IO010"",""n"":2},{""c"":""01NX002"",""n"":1},{""c"":""05FR004"",""n"":1},{""c"":""07F59001"",""n"":1},{""c"":""09IO051"",""n"":1}]"
2026-05-04,282,cloite,0.0,S5FeQ_9nYTSQwyzmssTeHjZtfnkDOY3-IkDlNjCoY-lrZ1-TX6gxgYaqnpjF5OIyCnEyB_-uuFMDVg,CUBQCAYBBIAQQAIBAEEAYDQGAEAQKLABAYACIAIIAIHAEAIBC4QQEBQBEQUQECAADENAQAIBAIQQCAYAA4AQMAJGAEEAUBABBAABMAQBAEGDIAQDAEERMBAIAEBAYDYS,Demacia|F08|F22|Freljord|Ionia|Runeterra|Shadow Isles|Shurima,35,20,,,,,"[{""c"":""03FR010"",""n"":3},{""c"":""08FR001"",""n"":3},{""c"":""08RU014"",""n"":3},{""c"":""01SI044"",""n"":2},{""c"":""06DE036"",""n"":2},{""c"":""08IO014"",""n"":2},{""c"":""01FR023"",""n"":2},{""c"":""01FR033"",""n"":2},{""c"":""06FR036"",""n"":2},{""c"":""06FR041"",""n"":2},{""c"":""08DE025"",""n"":2},{""c"":""08DE026"",""n"":2},{""c"":""01FR002"",""n"":1},{""c"":""33FR003"",""n"":1},{""c"":""00SH001"",""n"":1},{""c"":""06FR038"",""n"":1},{""c"":""01F08010"",""n"":1},{""c"":""04FR008"",""n"":1},{""c"":""00F22002"",""n"":1},{""c"":""01FR012"",""n"":1}]"
2026-05-04,9,Mzhkm,535.0,wKRwXzXitOo8tiys3ThWEcY6NOqbxCgRL6LZa2_S69LCgiqhZdeCqkDtBim83OCOSHJ0lI82rvz5uA,CEBQCCABCMBQKBACAYHAIAIEBAMTIOQGAEBQCAQBAMCAWAIEAEFACBIEBIAQQBAYAIAQCBBKAIAQCAI6AEEACGA,Freljord|Piltover & Zaun,40,17,,,,,"[{""c"":""08FR019"",""n"":3},{""c"":""05PZ002"",""n"":3},{""c"":""05PZ006"",""n"":3},{""c"":""05PZ014"",""n"":3},{""c"":""01PZ008"",""n"":3},{""c"":""01PZ025"",""n"":3},{""c"":""01PZ052"",""n"":3},{""c"":""01PZ058"",""n"":3},{""c"":""03FR002"",""n"":2},{""c"":""03PZ011"",""n"":2},{""c"":""04FR010"",""n"":2},{""c"":""05PZ010"",""n"":2},{""c"":""08PZ024"",""n"":2},{""c"":""01FR004"",""n"":2},{""c"":""01FR042"",""n"":2},{""c"":""01FR001"",""n"":1},{""c"":""30FR008"",""n"":1}]"
2026-05-04,10,mbrookz,533.0,iMQDykjthqoztGrFSrHwtphL2pV9BIrGgAz1EIFDSRHTboYbSYy9SPFPyLCvPzq3i5PdNMVJIeWEiA,CQEQCBAJBAAQIBIHAECQU5YBA4EQCAIJBEBAEAIFFM3AEAYJH5OQEBIFAMHQECAFCUUAAAIBAECQS,Bandle City|Freljord|Mount Targon|Shadow Isles,40,14,30.0,15.0,55.0,control,"[{""c"":""04MT008"",""n"":3},{""c"":""04SI007"",""n"":3},{""c"":""05BC119"",""n"":3},{""c"":""07MT001"",""n"":3},{""c"":""09MT002"",""n"":3},{""c"":""01SI043"",""n"":3},{""c"":""01SI054"",""n"":3},{""c"":""03MT063"",""n"":3},{""c"":""03MT093"",""n"":3},{""c"":""05SI003"",""n"":3},{""c"":""05SI015"",""n"":3},{""c"":""08SI021"",""n"":3},{""c"":""08SI040"",""n"":3},{""c"":""01FR005"",""n"":1}]"
2026-05-05,11,Scilla,528.0,vwIBeem3KeMHt2DXT689hGEUoZwydZ1S7q2GcWLHvl4GxNDmaxHhI4X25Rx9afLQ0Z4io5Xm3dC2-A,CEAAAAICAAAAMJY,Demacia,1,1,,,,,"[{""c"":""02DE000"",""n"":1}]"
2026-05-05,12,NotreDammit,521.0,Ik2qUvSnwi86IeXEu5fiNj4mTgE6LR2fHlKi_J1gS05olorTm2il2QpyaTh-gdM17lDLdfXLjcZ3lw,CECACCABDABACAY7EEBAIAYEB4BQCAIWDYTAKAIBAEVACAYBAIAQMAI4AEEAABQCAQBQECADAEDACEQBBAARGAQBAECCS,Bilgewater|Demacia|F19|Freljord|Noxus,39,17,,,,,"[{""c"":""08FR024"",""n"":3},{""c"":""01NX031"",""n"":3},{""c"":""01NX033"",""n"":3},{""c"":""04NX004"",""n"":3},{""c"":""04NX015"",""n"":3},{""c"":""01FR022"",""n"":3},{""c"":""01FR030"",""n"":3},{""c"":""01FR038"",""n"":3},{""c"":""01FR042"",""n"":2},{""c"":""03FR002"",""n"":2},{""c"":""06FR028"",""n"":2},{""c"":""08DE006"",""n"":2},{""c"":""04NX002"",""n"":2},{""c"":""04NX008"",""n"":2},{""c"":""01BW001"",""n"":1},{""c"":""18FR008"",""n"":1},{""c"":""01F19002"",""n"":1}]"
2026-05-05,13,armroselund,516.0,AvHH9Z3PuNMHXtDRIB6qNKFH7fPKoZYur2Tn_8Tcqn9kEVRsfHD85_OqRAdblbmzCO7CndVSWr9dwA,CQCQCAIFGEAQKCT7AEDQUCIDBACQOJJKAYDAKDAQDMOCMLICAEDQKAQBBAFAEAA,Bandle City|Shadow Isles,40,14,,,,,"[{""c"":""01SI049"",""n"":3},{""c"":""05BC127"",""n"":3},{""c"":""07BC009"",""n"":3},{""c"":""08SI007"",""n"":3},{""c"":""08SI037"",""n"":3},{""c"":""08SI042"",""n"":3},{""c"":""06SI012"",""n"":3},{""c"":""06SI016"",""n"":3},{""c"":""06SI027"",""n"":3},{""c"":""06SI028"",""n"":3},{""c"":""06SI038"",""n"":3},{""c"":""06SI045"",""n"":3},{""c"":""07SI002"",""n"":2},{""c"":""08BC002"",""n"":2}]"
2026-05-05,20,hungrylouna129,434.0,4DksskDtcvxtt8JMYwyNMjIIbmau_tz4KwUT-zwcbizxUo3ZMm990UGyxvJ8PHKAEDre0lfPtNGyMw,CIDQCBAGBUAQKBQBAEDAMHQBBEDBYAQDBERVQAQGBEECGBACAYERQKBXAEAQGCINAEBAMCIGFM,Bilgewater|Mount Targon,39,14,,,,,"[{""c"":""04BW013"",""n"":3},{""c"":""05BW001"",""n"":3},{""c"":""06BW030"",""n"":3},{""c"":""09BW028"",""n"":3},{""c"":""03MT035"",""n"":3},{""c"":""03MT088"",""n"":3},{""c"":""06MT008"",""n"":3},{""c"":""06MT035"",""n"":3},{""c"":""02BW009"",""n"":3},{""c"":""02BW024"",""n"":3},{""c"":""02BW040"",""n"":3},{""c"":""02BW055"",""n"":3},{""c"":""03MT013"",""n"":2},{""c"":""02BW009"",""n"":1}]"
2026-05-05,21,Barbaronte,410.0,9a2qB8uTMNBKODgBHYOYsiFBKF34wGbJqeLclag9IqdLeNQMkyJqQ0bKJX8uos1ZzoXkuPnf2YM41Q,CQDACAIEGQAQKBAWAEDQUFABBAFAMAQFBIA2MAIEAYFA6EITEACQCAIEAEAQEBAGAECQVNQBAECQIGIBAYCC4AA,Bandle City|Piltover & Zaun,40,15,,,,,"[{""c"":""01PZ052"",""n"":3},{""c"":""05PZ022"",""n"":3},{""c"":""07BC020"",""n"":3},{""c"":""08BC006"",""n"":3},{""c"":""05BC001"",""n"":3},{""c"":""05BC166"",""n"":3},{""c"":""06BC015"",""n"":3},{""c"":""06BC017"",""n"":3},{""c"":""06BC019"",""n"":3},{""c"":""06BC032"",""n"":3},{""c"":""01PZ001"",""n"":2},{""c"":""02PZ006"",""n"":2},{""c"":""05BC182"",""n"":2},{""c"":""05PZ025"",""n"":2},{""c"":""06PZ046"",""n"":2}]"
2026-05-05,28,Sky1Striker ,362.0,z7pM5LeiAfXJjAoYrbnYFkXCM_pO8BbpNEzD7hGg9en0Ar_f_nyxTaIzsr4hVo0G5fgiEbsowIVgFg,CUCQCCAKCQAQQAYDAEEQUFACAUFDDGABAMDAUDYRCUCQCAYAAQAQKCQBAEDQUCIBBAFAMAIJAUHAMAIFBILQCBICCQAQMCQXAEEAUBABBAGA4AIIAUSQ,Bandle City|Demacia|F08|F20|Freljord|Noxus|Shadow Isles,40,19,,,,,"[{""c"":""08BC020"",""n"":3},{""c"":""08NX003"",""n"":3},{""c"":""09BC020"",""n"":3},{""c"":""05BC049"",""n"":3},{""c"":""05BC152"",""n"":3},{""c"":""06BC015"",""n"":3},{""c"":""06BC017"",""n"":3},{""c"":""06BC021"",""n"":3},{""c"":""03DE004"",""n"":2},{""c"":""05BC001"",""n"":2},{""c"":""07BC009"",""n"":2},{""c"":""08BC006"",""n"":2},{""c"":""09SI014"",""n"":2},{""c"":""01SI010"",""n"":1},{""c"":""23FR005"",""n"":1},{""c"":""02F20001"",""n"":1},{""c"":""06BC023"",""n"":1},{""c"":""01F08010"",""n"":1},{""c"":""04FR008"",""n"":1}]"
2026-05-05,29,Kyo1035,359.0,1nAUNIIOPo7lSaGbshYaN3Db-aMceqGvyCbbwClP5lRyYFPTp67mI3nHPjpiQoWcrlMIFTIclO1RLA,CQBQCAIEGQAQQBAJAMDQECYRCQEACAICFEAQEAQFAEBQEFABAMCAWAIFAIDACBYCCMAQQCQGAICQIGAZAQAQCARRAECQIJQBAYBCABAGAQEREFJL,Bandle City|F38|Freljord|Ionia|Piltover & Zaun,37,18,,,,,"[{""c"":""01PZ052"",""n"":3},{""c"":""08PZ009"",""n"":3},{""c"":""07IO011"",""n"":3},{""c"":""07IO017"",""n"":3},{""c"":""07IO020"",""n"":3},{""c"":""01IO041"",""n"":2},{""c"":""02IO005"",""n"":2},{""c"":""03IO020"",""n"":2},{""c"":""03PZ011"",""n"":2},{""c"":""05IO006"",""n"":2},{""c"":""07IO019"",""n"":2},{""c"":""08BC006"",""n"":2},{""c"":""05PZ024"",""n"":2},{""c"":""05PZ025"",""n"":2},{""c"":""01FR002"",""n"":1},{""c"":""49FR005"",""n"":1},{""c"":""04F38001"",""n"":1},{""c"":""06IO032"",""n"":1}]"
2026-05-05,32,Borden,354.0,qK9glayGZ5epQctvwehXPI9r5oRK7o06vZ6d6XJXNy_B35V-NIfKnsbD6sbg9oW4vlzESUqjtMEecA,CQBQCBAFAUAQMBJOAIEAKBZKAYAQKCT7AEDAKFABA4CQEAQEAUCBAAQIAUSSSAYBAUAR2MIFAEDQKCQBBAFAMAQEAUBTQAQFBIATCAQGAUDRW,Bandle City|Bilgewater|Freljord|Ionia|Shadow Isles|Shurima,37,19,,,,,"[{""c"":""04SI005"",""n"":3},{""c"":""06SI046"",""n"":3},{""c"":""08SI007"",""n"":3},{""c"":""08SI042"",""n"":3},{""c"":""05BC127"",""n"":2},{""c"":""06SI020"",""n"":2},{""c"":""07SI002"",""n"":2},{""c"":""04SI004"",""n"":2},{""c"":""04SI016"",""n"":2},{""c"":""08SI037"",""n"":2},{""c"":""08SI041"",""n"":2},{""c"":""01SI001"",""n"":2},{""c"":""01SI029"",""n"":2},{""c"":""01SI049"",""n"":2},{""c"":""01SH005"",""n"":1},{""c"":""10FR008"",""n"":1},{""c"":""10BW002"",""n"":1},{""c"":""04SI003"",""n"":1},{""c"":""56IO005"",""n"":1}]"
2026-05-05,39,Vstorm,327.0,JpFQzWqtPpJDo8r48y6HblRG0dMn8GhRylC5B7wzHUXJ31GaT8brYA4Uitv1OdWhB1kCmC7JEk8fCg,CEDACAYFBYAQIAQOAECQEGQBAYCRAAIJAUGQEAICAY4QMAIBAIIQCAYCCQAQMARCAEDAKDYBBABBOAQBAUVDCAYBAEBBWAQBAUBSEAQGAUOC4,Freljord|Ionia|Noxus|Shadow Isles,38,17,,,,,"[{""c"":""03SI014"",""n"":3},{""c"":""04IO014"",""n"":3},{""c"":""05IO026"",""n"":3},{""c"":""06SI016"",""n"":3},{""c"":""09SI013"",""n"":3},{""c"":""01IO006"",""n"":3},{""c"":""01IO057"",""n"":3},{""c"":""01IO017"",""n"":2},{""c"":""03IO020"",""n"":2},{""c"":""06IO034"",""n"":2},{""c"":""06SI015"",""n"":2},{""c"":""08IO023"",""n"":2},{""c"":""01SI042"",""n"":2},{""c"":""01SI049"",""n"":2},{""c"":""01FR002"",""n"":1},{""c"":""27IO001"",""n"":1},{""c"":""05NX034"",""n"":1}]"
2026-05-05,40,TheDescendedOne,312.0,wqJCOLzA1vVNBe2YPW9IadtgQ7Zh-na8CkFIUpQYVvqOtpQJRdchMv2NMKd38jhUoG9EZrv8X1TxTw,CUEACAICFYAQGAQFAECAIBYBAUFCQAIGAIQACBQMAYAQOAQRAMBAEAIDBEBQCAIBDUAQCARRAEBQEFAEAEAQIHABAQAQUAIGAQVQCBQHFI,Bandle City|Freljord|Ionia|Piltover & Zaun|Runeterra,40,17,,,,,"[{""c"":""01IO046"",""n"":3},{""c"":""03IO005"",""n"":3},{""c"":""04PZ007"",""n"":3},{""c"":""05BC040"",""n"":3},{""c"":""06IO032"",""n"":3},{""c"":""06RU006"",""n"":3},{""c"":""07IO017"",""n"":3},{""c"":""02IO001"",""n"":3},{""c"":""02IO003"",""n"":3},{""c"":""02IO009"",""n"":3},{""c"":""01FR029"",""n"":2},{""c"":""01IO049"",""n"":2},{""c"":""03IO020"",""n"":2},{""c"":""01FR004"",""n"":1},{""c"":""28FR004"",""n"":1},{""c"":""01BC001"",""n"":1},{""c"":""06PZ043"",""n"":1}]"
2026-05-06,41,Im Bard Out,311.0,Yz3vZckMMsL-Dws1t-3XJfGXMMs6-aF_NVmV38P_BTavVKVSeopCEa87wrihIzczQX0FLehUySyTFw,CQCQCBQCEAAQMBZQAEEQOCQCAQDSOSIDBEBC2MZ2A4AQCARRAEBQEFABAYDQKAIHAIKACCAKAYAQQAQKAEEQENYBAICAOALK,Bandle City|Ionia|Piltover & Zaun|Shurima,39,16,,,,,"[{""c"":""06IO032"",""n"":3},{""c"":""06SH048"",""n"":3},{""c"":""09SH010"",""n"":3},{""c"":""04SH039"",""n"":3},{""c"":""04SH073"",""n"":3},{""c"":""09IO045"",""n"":3},{""c"":""09IO051"",""n"":3},{""c"":""09IO058"",""n"":3},{""c"":""01IO049"",""n"":2},{""c"":""03IO020"",""n"":2},{""c"":""06SH005"",""n"":2},{""c"":""07IO020"",""n"":2},{""c"":""08BC006"",""n"":2},{""c"":""08IO010"",""n"":2},{""c"":""09IO055"",""n"":2},{""c"":""02PZ007"",""n"":1}]"
2026-05-06,48,Thir,266.0,PSn5jNtfV5cPKB1w5tU3K4_C3dNJ9MQC0F7qfI93H6EPCuf1SM32zjIn7YY3xzuflYfagd4d7Fr5gg,CIDACBAGBUAQKBQBAEDAMHQCAMESGWACAYEQQIYDAIDBQKBXAQAQEBQJAEBQSDIBAQEQKAIGBEIQCAQGBEDCW,Bilgewater|Mount Targon,39,15,,,,,"[{""c"":""04BW013"",""n"":3},{""c"":""05BW001"",""n"":3},{""c"":""06BW030"",""n"":3},{""c"":""03MT035"",""n"":3},{""c"":""03MT088"",""n"":3},{""c"":""06MT008"",""n"":3},{""c"":""06MT035"",""n"":3},{""c"":""02BW024"",""n"":3},{""c"":""02BW040"",""n"":3},{""c"":""02BW055"",""n"":3},{""c"":""02BW009"",""n"":2},{""c"":""03MT013"",""n"":2},{""c"":""04MT005"",""n"":2},{""c"":""06MT017"",""n"":2},{""c"":""02BW009"",""n"":1}]"
2026-05-06,50,사생아,263.0,F9OZ_-Flq3owGOinq4MYVL8t93hZaWUFRndpsIhOr3j6-D0AQ8hBsrbWEm6hyFMIECkayDR6omW6iA,CQCACBIKP4AQMAAGAEEASAYFBEFACAYMBUKAMAIBAANACAQAAEAQKCRRAECQADABA4FASAQJBICBEAQBAUFACAIJAAWQ,Bandle City|Demacia|Freljord|Mount Targon|Shadow Isles,40,17,,,,,"[{""c"":""05BC127"",""n"":3},{""c"":""06DE006"",""n"":3},{""c"":""08MT003"",""n"":3},{""c"":""09BC001"",""n"":3},{""c"":""09BC003"",""n"":3},{""c"":""09BC012"",""n"":3},{""c"":""09BC013"",""n"":3},{""c"":""09BC020"",""n"":3},{""c"":""01DE026"",""n"":2},{""c"":""02DE001"",""n"":2},{""c"":""05BC049"",""n"":2},{""c"":""05DE012"",""n"":2},{""c"":""07BC009"",""n"":2},{""c"":""09BC004"",""n"":2},{""c"":""09BC018"",""n"":2},{""c"":""01SI010"",""n"":1},{""c"":""01FR009"",""n"":1}]"
2026-05-06,52,SrdasParanga,259.0,A6p0IhoXbKSbKc-2OXF6DXbe0qG3fpxRZCpsYFt1DN6_mDyJLL-Lt1WMvuIRkpGW91CVR0Ta7bAc1Q,CEDQCAIBBQAQCARJAEBQCFQBAMBBGAIGAIWAEBQBEQUQGBYCBMIRIBABAEASUAIFAIDACBQBEYBAOAQTFEAA,Freljord|Ionia,40,15,,,,,"[{""c"":""01FR012"",""n"":3},{""c"":""01IO041"",""n"":3},{""c"":""03FR022"",""n"":3},{""c"":""03IO019"",""n"":3},{""c"":""06IO044"",""n"":3},{""c"":""06FR036"",""n"":3},{""c"":""06FR041"",""n"":3},{""c"":""07IO011"",""n"":3},{""c"":""07IO017"",""n"":3},{""c"":""07IO020"",""n"":3},{""c"":""01FR042"",""n"":2},{""c"":""05IO006"",""n"":2},{""c"":""06FR038"",""n"":2},{""c"":""07IO019"",""n"":2},{""c"":""07IO041"",""n"":2}]"
2026-05-06,53,iNilesD,257.0,wyBqeP-e5g-DWGj1HtegH7itQvt6v4ICyf548MkkPS2eOQAg1oZuz0NOBM3NpzMY4X3b_j_0lyxQ8g,CQDACAYCAIAQIBAQAECQIGIBAYFBUBABAQGBYKBNAQCQUTSUSEA6MAICAEAQIJYBAMCBSAA,Bandle City|Ionia|Piltover & Zaun,40,14,72.5,27.5,0.0,aggro,"[{""c"":""03IO002"",""n"":3},{""c"":""04PZ016"",""n"":3},{""c"":""05PZ025"",""n"":3},{""c"":""06BC026"",""n"":3},{""c"":""01PZ012"",""n"":3},{""c"":""01PZ028"",""n"":3},{""c"":""01PZ040"",""n"":3},{""c"":""01PZ045"",""n"":3},{""c"":""05BC078"",""n"":3},{""c"":""05BC084"",""n"":3},{""c"":""05BC145"",""n"":3},{""c"":""05BC230"",""n"":3},{""c"":""01PZ039"",""n"":2},{""c"":""03PZ025"",""n"":2}]"
2026-05-06,55,Tu4VRFnHjgnlpffO,252.0,BpYGlOm4Ey6kNjMWtrHlSUfugD0WvesWCu0JkVoeaKE1FWDR4uPe0z0pgpwlet1UTz1gqGH-KSLD-Q,CECACBQCBEAQSBINAMAQKFIXFICQMBIDB4QCMLIEAEAQKMIBAIBAKAIGAUSQCBYFAIBACAIFBIAQIAQO,Freljord|Ionia|Shadow Isles,40,16,,,,,"[{""c"":""06IO009"",""n"":3},{""c"":""09SI013"",""n"":3},{""c"":""01SI021"",""n"":3},{""c"":""01SI023"",""n"":3},{""c"":""01SI042"",""n"":3},{""c"":""06SI003"",""n"":3},{""c"":""06SI015"",""n"":3},{""c"":""06SI032"",""n"":3},{""c"":""06SI038"",""n"":3},{""c"":""06SI045"",""n"":3},{""c"":""01SI049"",""n"":2},{""c"":""02IO005"",""n"":2},{""c"":""06SI037"",""n"":2},{""c"":""07SI002"",""n"":2},{""c"":""01FR005"",""n"":1},{""c"":""10FR004"",""n"":1}]"
2026-05-06,60,Money Strat,242.0,aNXe4KyKejRvmnLrmL9naI3QhOodhgMiReNRRT503ZZB7GF4uGwvB8lutK0ac_XQVdco3TxN-ogLSg,CICQCAIADIAQGCK4AEEAACQBBACREAQFBEBQMBYBAIAACAIDAAHACBIJBUAQMCJBAEEQAKICAMESGMYCBAEQGFYCAEDQAAQDAMEQGV3E,Demacia|Mount Targon|Noxus|Shadow Isles|Shurima,38,17,,,,,"[{""c"":""01DE026"",""n"":3},{""c"":""03MT092"",""n"":3},{""c"":""08DE010"",""n"":3},{""c"":""08SI018"",""n"":3},{""c"":""05MT003"",""n"":3},{""c"":""05MT006"",""n"":3},{""c"":""02DE001"",""n"":2},{""c"":""03DE014"",""n"":2},{""c"":""05MT013"",""n"":2},{""c"":""06MT033"",""n"":2},{""c"":""09DE041"",""n"":2},{""c"":""03MT035"",""n"":2},{""c"":""03MT051"",""n"":2},{""c"":""08MT003"",""n"":2},{""c"":""08MT023"",""n"":2},{""c"":""01SH000"",""n"":1},{""c"":""02NX003"",""n"":1}]"
2026-05-06,63,Capuchones,239.0,ifBVSokXCUevq11fz_t-WfI4tgfBPZ0daZyY0XOtuQfwc8fJmtQnoN-KX0Ug1PTRmc_LSClYeEl1yQ,CIBQCAQGCYAQIAADAIBAAAQGBEAQEAAEAEBQADQBAQAAEAIFAYAQCBIABQAQMABKAEDQABIDAIDA6LJ6AQAQACI5EASQA,Bilgewater|Demacia,40,18,47.5,35.0,17.5,midrange,"[{""c"":""02BW022"",""n"":3},{""c"":""04DE003"",""n"":3},{""c"":""02DE002"",""n"":3},{""c"":""02DE006"",""n"":3},{""c"":""02DE004"",""n"":2},{""c"":""03DE014"",""n"":2},{""c"":""04DE002"",""n"":2},{""c"":""05BW001"",""n"":2},{""c"":""05DE012"",""n"":2},{""c"":""06DE042"",""n"":2},{""c"":""07DE005"",""n"":2},{""c"":""02BW015"",""n"":2},{""c"":""02BW045"",""n"":2},{""c"":""02BW062"",""n"":2},{""c"":""01DE009"",""n"":2},{""c"":""01DE029"",""n"":2},{""c"":""01DE032"",""n"":2},{""c"":""01DE037"",""n"":2}]"
2026-05-06,65,DeadCraft48,237.0,z99HH4ScYBXXZOteeWfUZCG8HCbuw6GU_bR16cpV42-T_wUxmAw93ad65iutfh2e_H6c54YCFgxC8Q,CUCQCAIECQAQIAIPAEDAUKYBA4GA6AQBAEEBABYBAEARSAIBAMRACAQBAMAQMAIVAEDASIYBBEAQUAQDBEZVKBIBAEADCAIDAQJQCBQJFMAQQBISAIBQSDJD,Bandle City|F08|F19|Freljord|Mount Targon|Noxus|Piltover & Zaun|Runeterra,39,19,,,,,"[{""c"":""01PZ020"",""n"":3},{""c"":""04FR015"",""n"":3},{""c"":""06BC043"",""n"":3},{""c"":""07RU015"",""n"":3},{""c"":""01FR008"",""n"":3},{""c"":""01FR016"",""n"":3},{""c"":""01FR025"",""n"":2},{""c"":""01NX034"",""n"":2},{""c"":""02FR003"",""n"":2},{""c"":""06FR021"",""n"":2},{""c"":""06MT035"",""n"":2},{""c"":""09FR010"",""n"":2},{""c"":""03MT051"",""n"":2},{""c"":""03MT085"",""n"":2},{""c"":""01FR000"",""n"":1},{""c"":""49FR003"",""n"":1},{""c"":""04F19001"",""n"":1},{""c"":""06MT043"",""n"":1},{""c"":""01F08005"",""n"":1}]"
2026-05-06,66,waitimplaying,236.0,_azDPaOzvLiVWYOIu_tqeRsKBR8jGB0PqWIwKWT4Q7tkGYQL315DorDP9xtQYmJXyLKmpxH_bxvxjA,CECQCAYBAIAQQAIYAIAQCFRGAIAQGHZBAMCAGAQEB4CACBADBAAQMAI4AEEACEYDAEAQCCY6AEAQQAAG,F08|Freljord|Noxus,40,16,,,,,"[{""c"":""03FR002"",""n"":3},{""c"":""08FR024"",""n"":3},{""c"":""01FR022"",""n"":3},{""c"":""01FR038"",""n"":3},{""c"":""01NX031"",""n"":3},{""c"":""01NX033"",""n"":3},{""c"":""04NX002"",""n"":3},{""c"":""04NX004"",""n"":3},{""c"":""04NX015"",""n"":3},{""c"":""04NX008"",""n"":2},{""c"":""06FR028"",""n"":2},{""c"":""08FR019"",""n"":2},{""c"":""01FR001"",""n"":2},{""c"":""01FR011"",""n"":2},{""c"":""01FR030"",""n"":2},{""c"":""01F08000"",""n"":1}]"
2026-05-06,71,aKutti,223.0,24yZlYbjb0BtW0Ov9SebTBWxAk6MjX0CT6zVIgV9Ygdpxu3rO7FW8pFwTmpysdoZGJD8pfhDoCeqlg,CUDACAQBAMAQGBATAEDAUKYBA4GA6AIIAIFAGAIBBAIBSAYBAEBAEAIBAQKACCIBBIEQCAIAGEAQCAZCAEBAMCQBAQAQ6AIEA4YQCBQBCUAQOAQUAEEAIGICAEBAKLQ,Bandle City|Bilgewater|F34|F49|Freljord|Ionia|Piltover & Zaun|Runeterra|Shurima,39,20,,,,,"[{""c"":""02FR003"",""n"":3},{""c"":""03PZ019"",""n"":3},{""c"":""06BC043"",""n"":3},{""c"":""07RU015"",""n"":3},{""c"":""08IO010"",""n"":3},{""c"":""01FR008"",""n"":3},{""c"":""01FR016"",""n"":3},{""c"":""01FR025"",""n"":3},{""c"":""01IO002"",""n"":2},{""c"":""01PZ020"",""n"":2},{""c"":""09FR010"",""n"":2},{""c"":""01FR000"",""n"":1},{""c"":""49FR001"",""n"":1},{""c"":""03F34001"",""n"":1},{""c"":""02BW010"",""n"":1},{""c"":""01PZ001"",""n"":1},{""c"":""15FR004"",""n"":1},{""c"":""07F49001"",""n"":1},{""c"":""06FR021"",""n"":1},{""c"":""01SH002"",""n"":1}]"
2026-05-06,75,Jøsst,218.0,XHgsBjE5uwO_L_s6vYm5QzqxMmbjlkVTwRtUnzCdk3V-FSoUuUKB2BdR96DUg93RoTQLjljQ35bjTg,CECAEAIBCYTAEAIDD4QQECABCMMAGBADAQEA6BABAEAR4AIEAMBACBQBCIAQQAAGAQAQGAICAECACCQBA4AQWAQBAEUSU,Bandle City|Demacia|Freljord|Noxus,39,17,,,,,"[{""c"":""01FR022"",""n"":3},{""c"":""01FR038"",""n"":3},{""c"":""01NX031"",""n"":3},{""c"":""01NX033"",""n"":3},{""c"":""08FR019"",""n"":3},{""c"":""08FR024"",""n"":3},{""c"":""04NX004"",""n"":3},{""c"":""04NX008"",""n"":3},{""c"":""04NX015"",""n"":3},{""c"":""01FR030"",""n"":2},{""c"":""04NX002"",""n"":2},{""c"":""06FR018"",""n"":2},{""c"":""08DE006"",""n"":2},{""c"":""01NX001"",""n"":1},{""c"":""02FR004"",""n"":1},{""c"":""01BC001"",""n"":1},{""c"":""07FR011"",""n"":1}]"
2026-05-06,77,ThePeterJ,212.0,bPnRARyfsq_ASQlcALbXWm_d6QwD_ouVJq3On-6b5BOF7uKYmJ5bnffsS30CviSjGqa7PZgAWQKb1A,CUDACAYCAUAQIBAHAECQUKABAYBCAAIGBQDAGAQCAEBQSBABAEAR2AIDAIKACBYCFEBACAROGEDACAIEDQAQIAIKAEDAIKYBAYDSUAIHAIIQCCACBI,Bandle City|Bilgewater|Freljord|Ionia|Piltover & Zaun|Runeterra,40,19,,,,,"[{""c"":""03IO005"",""n"":3},{""c"":""04PZ007"",""n"":3},{""c"":""05BC040"",""n"":3},{""c"":""06IO032"",""n"":3},{""c"":""06RU006"",""n"":3},{""c"":""02IO001"",""n"":3},{""c"":""02IO003"",""n"":3},{""c"":""02IO009"",""n"":3},{""c"":""01FR029"",""n"":2},{""c"":""03IO020"",""n"":2},{""c"":""07IO041"",""n"":2},{""c"":""01IO046"",""n"":2},{""c"":""01IO049"",""n"":2},{""c"":""01FR004"",""n"":1},{""c"":""28FR004"",""n"":1},{""c"":""01BC001"",""n"":1},{""c"":""06PZ043"",""n"":1},{""c"":""01BW007"",""n"":1},{""c"":""42FR007"",""n"":1}]"
2026-05-06,85,gabriel1223,190.0,1WsbtUX9V0m0CYHe8GUY_TGfwxFuO9kepcE4_H4riGZg8gFe-EmFi3WkCuzdZ-FoaTmX5AX3t8UVdQ,CQCACAICGEAQOBRLAEEQEOQIAYDAMBYLB4KRYHRIAIAQQCQGAIDAMEBDAEAQGAQU,Bandle City|Bilgewater|Ionia|Noxus,40,15,,,,,"[{""c"":""01IO049"",""n"":3},{""c"":""07BW043"",""n"":3},{""c"":""09IO058"",""n"":3},{""c"":""06BW006"",""n"":3},{""c"":""06BW007"",""n"":3},{""c"":""06BW011"",""n"":3},{""c"":""06BW015"",""n"":3},{""c"":""06BW021"",""n"":3},{""c"":""06BW028"",""n"":3},{""c"":""06BW030"",""n"":3},{""c"":""06BW040"",""n"":3},{""c"":""08BC006"",""n"":2},{""c"":""06BW016"",""n"":2},{""c"":""06BW035"",""n"":2},{""c"":""01NX002"",""n"":1}]"
2026-05-06,86,JulioA619,188.0,HyM6ouqwRnGB8IMDgZZIKEOIs6uvKx5CcxPRIPkU1-ky9UJ0LIPsERL0vXcQnIL4JxsgpWiu4RXJtw,CICQCCAJDAAQSARVAIBQSI2YAIDASCBDAQAQECIUDI2AEAIJAAQQECICG45AIAIBAIYQCAYCCQAQMCIGAEEAECQ,Demacia|F20|Freljord|Ionia|Mount Targon,40,17,,,,,"[{""c"":""08MT024"",""n"":3},{""c"":""09IO053"",""n"":3},{""c"":""03MT035"",""n"":3},{""c"":""03MT088"",""n"":3},{""c"":""06MT008"",""n"":3},{""c"":""06MT035"",""n"":3},{""c"":""01IO009"",""n"":3},{""c"":""01IO020"",""n"":3},{""c"":""01IO026"",""n"":3},{""c"":""01IO052"",""n"":3},{""c"":""09DE033"",""n"":2},{""c"":""09IO055"",""n"":2},{""c"":""09IO058"",""n"":2},{""c"":""01FR002"",""n"":1},{""c"":""49FR003"",""n"":1},{""c"":""02F20001"",""n"":1},{""c"":""06MT006"",""n"":1}]"
2026-05-07,87,Sigep0361,185.0,SqxpFUWSXhjOG2G3E32vacxCUd0CcHXo6WH6NjmXhk8oZFEM5YFrkHiN-YDrizXIw-vz7MQZQinCBw,CMCACBQGFUAQMBYFAQCAMAIDAUHQMBAHCMLECRCKKAAQCBAGAIBACBAGA4AQQAYM,Bilgewater|Freljord|Piltover & Zaun|Shurima,40,15,,,,,"[{""c"":""06BW045"",""n"":3},{""c"":""06SH005"",""n"":3},{""c"":""04BW001"",""n"":3},{""c"":""04BW003"",""n"":3},{""c"":""04BW005"",""n"":3},{""c"":""04BW015"",""n"":3},{""c"":""04SH019"",""n"":3},{""c"":""04SH022"",""n"":3},{""c"":""04SH065"",""n"":3},{""c"":""04SH068"",""n"":3},{""c"":""04SH074"",""n"":3},{""c"":""04SH080"",""n"":3},{""c"":""04BW002"",""n"":2},{""c"":""01PZ006"",""n"":1},{""c"":""07FR008"",""n"":1}]"
2026-05-07,89,Cameron6659,181.0,s3CY7jSkZBQc86Ss1XF-SgYAOH2gRTkLFFJKmMEldlkC21ECHBkfmaZpIbdNiDzVl0WMpmQN2gJdgQ,CQDACAIFGEAQKCT7AEDAUFICAQCTMNYDBACQOKJKAQDAKFA3FUXAEAIEAU4ACBIKAEAA,Bandle City|Shadow Isles,40,14,,,,,"[{""c"":""01SI049"",""n"":3},{""c"":""05BC127"",""n"":3},{""c"":""06BC021"",""n"":3},{""c"":""04SI054"",""n"":3},{""c"":""04SI055"",""n"":3},{""c"":""08SI007"",""n"":3},{""c"":""08SI041"",""n"":3},{""c"":""08SI042"",""n"":3},{""c"":""06SI020"",""n"":3},{""c"":""06SI027"",""n"":3},{""c"":""06SI045"",""n"":3},{""c"":""06SI046"",""n"":3},{""c"":""04SI056"",""n"":2},{""c"":""05BC001"",""n"":2}]"
2026-05-07,90,Habalji,180.0,jfnUt6y1Tud4BT3rCl4OXpIZGpctBroR3bp6tCwZ83M-Im7W6-uPa5aI5wbitvlUfUYZymuVhePwNA,CQDACAQDAMAQMCQ2AEDAGKIBBEFAWBABAMBAYKBXAUCQUBZJOSRQDJQBAAAQCAIDDE,Bandle City|Freljord|Noxus,40,14,,,,,"[{""c"":""02NX003"",""n"":3},{""c"":""06BC026"",""n"":3},{""c"":""06NX041"",""n"":3},{""c"":""09BC011"",""n"":3},{""c"":""01NX002"",""n"":3},{""c"":""01NX012"",""n"":3},{""c"":""01NX040"",""n"":3},{""c"":""01NX055"",""n"":3},{""c"":""05BC007"",""n"":3},{""c"":""05BC041"",""n"":3},{""c"":""05BC116"",""n"":3},{""c"":""05BC163"",""n"":3},{""c"":""05BC166"",""n"":3},{""c"":""01FR003"",""n"":1}]"
2026-05-07,92,superguh,177.0,TqicWWZomh_rA1Qn7vOBlPdqU3-JB79cAEZHeRK39ZUlLFDVD-yOPZvOAkDOE2V9wqqW_wNtl_RwHA,CQBQCBQEFYBACBBUHACAKBAWDAMRWBQBAECBAAIDAQFQCBIED4AQOCQJAEEQUFADAUFACMORAEBQCBAEB4AQKCWVAEAQKBAV,Bandle City|F213|Freljord|Piltover & Zaun,40,18,,,,,"[{""c"":""06PZ046"",""n"":3},{""c"":""01PZ052"",""n"":3},{""c"":""01PZ056"",""n"":3},{""c"":""05PZ022"",""n"":3},{""c"":""05PZ024"",""n"":3},{""c"":""05PZ025"",""n"":3},{""c"":""05PZ027"",""n"":3},{""c"":""01PZ016"",""n"":2},{""c"":""03PZ011"",""n"":2},{""c"":""05PZ031"",""n"":2},{""c"":""07BC009"",""n"":2},{""c"":""09BC020"",""n"":2},{""c"":""05BC001"",""n"":2},{""c"":""05BC049"",""n"":2},{""c"":""05BC209"",""n"":2},{""c"":""01PZ004"",""n"":1},{""c"":""15FR005"",""n"":1},{""c"":""10F213001"",""n"":1}]"
2026-05-07,95,Trifle Majere,175.0,tf641_l66h0MlgDHyL2MBwElSYYiRDAFWzDcQXXd7VZ56yipmoexmw4iN3hV9ypP0tOL4LGrw4tC8g,CQCQCAIFGEAQKCT7AEDQUCIDBACQOJJKAYDAKDAQDMOCMLICAEDQKAQBBAFAEAA,Bandle City|Shadow Isles,40,14,,,,,"[{""c"":""01SI049"",""n"":3},{""c"":""05BC127"",""n"":3},{""c"":""07BC009"",""n"":3},{""c"":""08SI007"",""n"":3},{""c"":""08SI037"",""n"":3},{""c"":""08SI042"",""n"":3},{""c"":""06SI012"",""n"":3},{""c"":""06SI016"",""n"":3},{""c"":""06SI027"",""n"":3},{""c"":""06SI028"",""n"":3},{""c"":""06SI038"",""n"":3},{""c"":""06SI045"",""n"":3},{""c"":""07SI002"",""n"":2},{""c"":""08BC002"",""n"":2}]"
2026-05-07,103,Bardo Sanderson,158.0,V2mlYc2m7KOi_6BrQ8DdTfB43KD-QiqONY9BLhkMU9SWk2FV12fcTUEg3m2mI1OnVZIMFDRr36nFLQ,CQDACBIKP4AQKAAMAEDAABQBBAAAUAIIBEBQKCIKAEBQIDIUAQAQOCQJAEDQABIBBAAAMAIJBIGAEAIFBIYQCCIAFU,Bandle City|Demacia|Freljord|Mount Targon|Shadow Isles,40,16,,,,,"[{""c"":""05BC127"",""n"":3},{""c"":""05DE012"",""n"":3},{""c"":""06DE006"",""n"":3},{""c"":""08DE010"",""n"":3},{""c"":""08MT003"",""n"":3},{""c"":""09BC001"",""n"":3},{""c"":""09BC003"",""n"":3},{""c"":""09BC004"",""n"":3},{""c"":""09BC013"",""n"":3},{""c"":""09BC020"",""n"":3},{""c"":""07BC009"",""n"":2},{""c"":""07DE005"",""n"":2},{""c"":""08DE006"",""n"":2},{""c"":""09BC012"",""n"":2},{""c"":""01SI010"",""n"":1},{""c"":""49FR009"",""n"":1}]"
2026-05-07,105,killerbag,158.0,K-AwhCnag9qI4C9bqIB6NQKreWjCPnsFermvHAEOS3BU4FFSydQqt1XvE_qZ9jJKO7N36aIwrjngkw,CICACBACBUBACAQTEABAMARDEYCQGAQBAIFBCEQDAEBQEFABAYER2AQBAISTCAQBAMBAOAIGBEDA,Freljord|Ionia|Mount Targon|Noxus,40,16,,,,,"[{""c"":""04IO013"",""n"":3},{""c"":""01IO019"",""n"":3},{""c"":""01IO032"",""n"":3},{""c"":""06IO035"",""n"":3},{""c"":""06IO038"",""n"":3},{""c"":""03IO001"",""n"":3},{""c"":""03IO002"",""n"":3},{""c"":""03IO010"",""n"":3},{""c"":""03IO017"",""n"":3},{""c"":""03IO018"",""n"":3},{""c"":""03IO020"",""n"":2},{""c"":""06MT029"",""n"":2},{""c"":""01IO037"",""n"":2},{""c"":""01IO049"",""n"":2},{""c"":""01NX002"",""n"":1},{""c"":""07FR006"",""n"":1}]"
2026-05-07,106,Thetalhes,157.0,YvhJoVzodaz_VFYfZpw56tpW1moPX-oTAN9jnC-V3UNe9F8BHromSh6FzZOnZktlKLMVmcyqxnrjpQ,CECQCAQBAIAQGBAFAECQIAQBBACBQBABAQEBSNBVAUAQCBB2AEDAIKYBBAARGAQBAECB4AQEAEEQUAQBAMAQEAIFAQHA,Freljord|Noxus|Piltover & Zaun,40,17,,,,,"[{""c"":""02FR002"",""n"":3},{""c"":""03PZ005"",""n"":3},{""c"":""05PZ002"",""n"":3},{""c"":""08PZ024"",""n"":3},{""c"":""01PZ008"",""n"":3},{""c"":""01PZ025"",""n"":3},{""c"":""01PZ052"",""n"":3},{""c"":""01PZ053"",""n"":3},{""c"":""01PZ058"",""n"":2},{""c"":""06PZ043"",""n"":2},{""c"":""08FR019"",""n"":2},{""c"":""01FR004"",""n"":2},{""c"":""01FR030"",""n"":2},{""c"":""04FR009"",""n"":2},{""c"":""04FR010"",""n"":2},{""c"":""01NX001"",""n"":1},{""c"":""02FR005"",""n"":1}]"
2026-05-07,108,mk7777777,151.0,z7M8XIW7YOCEDSfWlQSjrOr6gPlQTv4LDmjJathf8WWzBqHw8YoZCg4vLXZbFAnVKxgWL7OAgHjaUA,CIDACBAAAMAQKAAMAEDQABICAEAB2KYDAIDBMKB6AMBAAAQGBEBQCAQGFUAQEAAKAECQMAIBAECAAAQ,Bilgewater|Demacia|Piltover & Zaun,40,15,,,,,"[{""c"":""04DE003"",""n"":3},{""c"":""05DE012"",""n"":3},{""c"":""07DE005"",""n"":3},{""c"":""01DE029"",""n"":3},{""c"":""01DE043"",""n"":3},{""c"":""02BW022"",""n"":3},{""c"":""02BW040"",""n"":3},{""c"":""02BW062"",""n"":3},{""c"":""02DE002"",""n"":3},{""c"":""02DE006"",""n"":3},{""c"":""02DE009"",""n"":3},{""c"":""02BW045"",""n"":2},{""c"":""02DE010"",""n"":2},{""c"":""05BW001"",""n"":2},{""c"":""01PZ000"",""n"":1}]"
2026-05-07,119,MarioBat,146.0,LfF_0N00I--nj6QsgNhJxuiuZ920FYOhYtM2t9oHdiPMyKLXruSjpjn7QMj2ydxhN_cXaPVOKLKfvA,CMBQCBQHGMBAKBYLBYDAIBYDBUOCKJSIAMAQKBYHAEEQODADAQDTWTDNAIAQKBYCAICAOAJ6,Ionia|Shadow Isles|Shurima,39,16,,,,,"[{""c"":""06SH051"",""n"":3},{""c"":""05SH011"",""n"":3},{""c"":""05SH014"",""n"":3},{""c"":""04SH003"",""n"":3},{""c"":""04SH013"",""n"":3},{""c"":""04SH028"",""n"":3},{""c"":""04SH037"",""n"":3},{""c"":""04SH038"",""n"":3},{""c"":""04SH072"",""n"":3},{""c"":""05SH007"",""n"":2},{""c"":""09SH012"",""n"":2},{""c"":""04SH059"",""n"":2},{""c"":""04SH076"",""n"":2},{""c"":""04SH109"",""n"":2},{""c"":""01SI007"",""n"":1},{""c"":""02IO004"",""n"":1}]"
2026-05-07,125,Davebo,144.0,VLKpCAmlUM3NEPhfXqQhNpavrwVpFqBTl0XhrDvMARySiqz6PJyEtbCAExJgF-KsxVkqbVZgpxDFSQ,CICQCAYEDEBAEBQJDIBQCBBHFU2AGCAGBALRSAYIAQCQQEQAAQAQEBADAECAMEABBADAEAIIAQKA,Bilgewater|F16|Freljord|Ionia|Piltover & Zaun,40,16,,,,,"[{""c"":""03PZ025"",""n"":3},{""c"":""02BW009"",""n"":3},{""c"":""02BW026"",""n"":3},{""c"":""01PZ039"",""n"":3},{""c"":""01PZ045"",""n"":3},{""c"":""01PZ052"",""n"":3},{""c"":""08BW008"",""n"":3},{""c"":""08BW023"",""n"":3},{""c"":""08BW025"",""n"":3},{""c"":""08PZ005"",""n"":3},{""c"":""08PZ008"",""n"":3},{""c"":""08PZ018"",""n"":3},{""c"":""01IO004"",""n"":1},{""c"":""03FR004"",""n"":1},{""c"":""06F16001"",""n"":1},{""c"":""08BW002"",""n"":1}]"
2026-05-07,126,Caitsyth,144.0,h8BCgMszqXz5pCS7doxfSCNwPjEL4Jr_fcSPpFWcD6Jr9k6SJixurVcExOLnWAU9BXJ7zVj6eVu9NA,CECAEAIDD4QQEBADAQHQECABCMMAMAIBCILB4JRJFIAQCBADBABACAIBAQAQIAYC,Freljord|Noxus,40,15,,,,,"[{""c"":""01NX031"",""n"":3},{""c"":""01NX033"",""n"":3},{""c"":""04NX004"",""n"":3},{""c"":""04NX015"",""n"":3},{""c"":""08FR019"",""n"":3},{""c"":""08FR024"",""n"":3},{""c"":""01FR018"",""n"":3},{""c"":""01FR022"",""n"":3},{""c"":""01FR030"",""n"":3},{""c"":""01FR038"",""n"":3},{""c"":""01FR041"",""n"":3},{""c"":""01FR042"",""n"":3},{""c"":""04NX008"",""n"":2},{""c"":""01FR001"",""n"":1},{""c"":""04FR004"",""n"":1}]"
2026-05-07,127,Evilkyatt,141.0,VIhWFnBFEMr4EV5Wso7qWAXeLXjX7AsH9jGXBsQMzElxqWDkmhYduySwqjiw2LKgm8Vl4x7vCePEVA,CIEACAIEFUAQKAAMAEDAMHIBA4AAKAIIAAFACCAJAMBAMAAVDQBAMBAIEYBQCAQAAIAQIAADAIDAABQKAIAQKBBGAEDAAGA,Bilgewater|Demacia|Freljord|Mount Targon|Piltover & Zaun|Shadow Isles,40,16,,,,,"[{""c"":""01PZ045"",""n"":3},{""c"":""05DE012"",""n"":3},{""c"":""06BW029"",""n"":3},{""c"":""07DE005"",""n"":3},{""c"":""08DE010"",""n"":3},{""c"":""08MT003"",""n"":3},{""c"":""06DE021"",""n"":3},{""c"":""06DE028"",""n"":3},{""c"":""06PZ008"",""n"":3},{""c"":""06PZ038"",""n"":3},{""c"":""02DE002"",""n"":2},{""c"":""04DE003"",""n"":2},{""c"":""06DE006"",""n"":2},{""c"":""06DE010"",""n"":2},{""c"":""01SI004"",""n"":1},{""c"":""38FR006"",""n"":1}]"
2026-05-07,129,Referencer,140.0,sDf5tgw_un8gYbKIM-epWQDDzlxTQtLPB0Ia95B0yRJE_DL2K7xjtLfK6GucjSVjbKkuHTPDDM0_Zw,CICQCAYEDEBAEBQJDIBAQBAICIBQCBBHFU2AGCAGBALRSAQBAQDBAAIIAQCQGAIBAQAQCAQEAMAQQBAU,Bilgewater|Freljord|Noxus|Piltover & Zaun,40,16,,,,,"[{""c"":""03PZ025"",""n"":3},{""c"":""02BW009"",""n"":3},{""c"":""02BW026"",""n"":3},{""c"":""08PZ008"",""n"":3},{""c"":""08PZ018"",""n"":3},{""c"":""01PZ039"",""n"":3},{""c"":""01PZ045"",""n"":3},{""c"":""01PZ052"",""n"":3},{""c"":""08BW008"",""n"":3},{""c"":""08BW023"",""n"":3},{""c"":""08BW025"",""n"":3},{""c"":""04BW016"",""n"":2},{""c"":""08PZ005"",""n"":2},{""c"":""01FR004"",""n"":1},{""c"":""01FR002"",""n"":1},{""c"":""04NX001"",""n"":1}]"
2026-05-07,135,AlphaCake,133.0,9hQmUSqOhNgk3nMQHq2u7g6YKk8wcs7RdPoL5G3f6a3O6KH-u5YPm2MfHRdCO-zSb_e9It9BWKj1Gg,CQDACAYCAIAQMCQ2AEDQIBIBBEFAWAQFBJHJCAIEAECAYKBNGQCACAIEEYAQGBAFAECAIEABA4FASAQBAECACAIHBIIA,Bandle City|Freljord|Ionia|Piltover & Zaun,40,16,70.0,30.0,0.0,aggro,"[{""c"":""03IO002"",""n"":3},{""c"":""06BC026"",""n"":3},{""c"":""07PZ005"",""n"":3},{""c"":""09BC011"",""n"":3},{""c"":""05BC078"",""n"":3},{""c"":""05BC145"",""n"":3},{""c"":""01PZ012"",""n"":3},{""c"":""01PZ040"",""n"":3},{""c"":""01PZ045"",""n"":3},{""c"":""01PZ052"",""n"":3},{""c"":""01PZ038"",""n"":2},{""c"":""03PZ005"",""n"":2},{""c"":""04PZ016"",""n"":2},{""c"":""07BC009"",""n"":2},{""c"":""01FR004"",""n"":1},{""c"":""01FR007"",""n"":1}]"
2026-05-07,137,DRredstone1221,132.0,NocTgROEfKLU_VprskbNwWRB6cyrnpCwLffRWT_3Yi24kPQdklHFGjtSPRww5KHRtz55-22d44GyJQ,CQDACBIKIYAQOCQUAEDQIEIBBAFAKAQFAQDA4AYBAQEBSNAFAEAQINIBAICAUAIFBIYQCBYKBEBAKBACBIAQCBYKB4,Bandle City|Piltover & Zaun|Shurima,40,16,,,,,"[{""c"":""05BC070"",""n"":3},{""c"":""07BC020"",""n"":3},{""c"":""07PZ017"",""n"":3},{""c"":""08BC005"",""n"":3},{""c"":""05PZ006"",""n"":3},{""c"":""05PZ014"",""n"":3},{""c"":""01PZ008"",""n"":3},{""c"":""01PZ025"",""n"":3},{""c"":""01PZ052"",""n"":3},{""c"":""01PZ053"",""n"":2},{""c"":""02PZ010"",""n"":2},{""c"":""05BC049"",""n"":2},{""c"":""07BC009"",""n"":2},{""c"":""05PZ002"",""n"":2},{""c"":""05PZ010"",""n"":2},{""c"":""01SH010"",""n"":1}]"
2026-05-07,138,BQOM,132.0,SMuWNdjF_ddF3z1o4zAo9IEMpJTNPDc3oSs3Km2WkvA7cMFZh0V1WYQMGyFOIIiG9XDxYfpViJIyYA,CIDACBQEFYAQOCINAEEQSAQCBAERQHYDAMEROV3AAMCQIFQZDIBQCAIEAQAQGCLEAEDASLIBAECQIGY,Mount Targon|Piltover & Zaun|Shadow Isles,40,15,,,,,"[{""c"":""06PZ046"",""n"":3},{""c"":""07MT013"",""n"":3},{""c"":""09MT002"",""n"":3},{""c"":""08MT024"",""n"":3},{""c"":""08MT031"",""n"":3},{""c"":""03MT023"",""n"":3},{""c"":""03MT087"",""n"":3},{""c"":""03MT096"",""n"":3},{""c"":""05PZ022"",""n"":3},{""c"":""05PZ025"",""n"":3},{""c"":""05PZ026"",""n"":3},{""c"":""01PZ004"",""n"":2},{""c"":""03MT100"",""n"":2},{""c"":""06MT045"",""n"":2},{""c"":""01SI004"",""n"":1}]"
2026-05-07,146,Ghostmatterz,125.0,FOFXozF37zF8ilqEEn08-AAA9YqkzualzgQIwpR5WHUO021_-F3_y3-QBYiFsoK9UOH4ia6jaUnWHQ,CEDACAQCAUAQIAQOAEDAECIBBECQ2BABAUFBKFZKAQDAKAYPEYXACAIBAUBQCAQGAUSS2,Bilgewater|Ionia|Shadow Isles,39,14,,,,,"[{""c"":""02IO005"",""n"":3},{""c"":""04IO014"",""n"":3},{""c"":""06IO009"",""n"":3},{""c"":""09SI013"",""n"":3},{""c"":""01SI010"",""n"":3},{""c"":""01SI021"",""n"":3},{""c"":""01SI023"",""n"":3},{""c"":""01SI042"",""n"":3},{""c"":""06SI003"",""n"":3},{""c"":""06SI015"",""n"":3},{""c"":""06SI038"",""n"":3},{""c"":""06SI046"",""n"":3},{""c"":""01SI003"",""n"":2},{""c"":""02BW005"",""n"":1}]"
2026-05-07,147,SNGSwordKey,124.0,mWbI5IcyaXBE-DXBG0xjdevifvCa_8EuIPknWORQNftR0X3bE4M-q5DIWRqWc5g20CtxNTtvuyayHA,CMCACBQGFUAQMBYFAQCAOE2EJJIAKBAGAEBQIBIPAIAQIBQCAICAOFSBAEAQIBZ3,Bilgewater|Piltover & Zaun|Shurima,40,15,,,,,"[{""c"":""06BW045"",""n"":3},{""c"":""06SH005"",""n"":3},{""c"":""04SH019"",""n"":3},{""c"":""04SH068"",""n"":3},{""c"":""04SH074"",""n"":3},{""c"":""04SH080"",""n"":3},{""c"":""04BW001"",""n"":3},{""c"":""04BW003"",""n"":3},{""c"":""04BW004"",""n"":3},{""c"":""04BW005"",""n"":3},{""c"":""04BW015"",""n"":3},{""c"":""04BW002"",""n"":2},{""c"":""04SH022"",""n"":2},{""c"":""04SH065"",""n"":2},{""c"":""01PZ007"",""n"":1}]"
2026-05-07,149,netinho99,121.0,pv-ejnBJpvr2-uknjMz4mPMiw3R4DenY9PoZl1KIB13JDHHA0bveLZ52rxlSXCMHyWvTBN-0c4ubjw,CIDACAYBCYAQMAJEAEEASHYCBAAQCEQDAEARIFZUAMBQSASAK4BACAIBFIAQGAITAIAQQAIIAIBQSBKU,F08|Freljord|Ionia|Mount Targon,39,15,,,,,"[{""c"":""03FR022"",""n"":3},{""c"":""06FR036"",""n"":3},{""c"":""08MT031"",""n"":3},{""c"":""08FR001"",""n"":3},{""c"":""08FR018"",""n"":3},{""c"":""01FR020"",""n"":3},{""c"":""01FR023"",""n"":3},{""c"":""01FR052"",""n"":3},{""c"":""03MT002"",""n"":3},{""c"":""03MT064"",""n"":3},{""c"":""03MT087"",""n"":3},{""c"":""01FR042"",""n"":2},{""c"":""03FR019"",""n"":2},{""c"":""01F08001"",""n"":1},{""c"":""08IO003"",""n"":1}]"
2026-05-07,155,TheTiger18,115.0,8fE12p60nc7tjECPV0-xqhtcFfPPZfRUxwgZpp8e1CV-xHF5i9rGYIMkMYhGT0be6LtVoMexQXRU8g,CQBQCAYCCQAQMBAVAEEAICICAEAQINABA4BAWDYBAECCCAICAICQCAQEAYAQGBALAECQEBQBA4CASAIIBIDACCAGDQAQQBA2AEEQENICAYBCAJADAEBCSLRRAMDQEEITCQCAMBAJCIVS4BIFAQFBCGAZEY,Bilgewater|F08|F28|F32|Freljord|Ionia|Mount Targon|Noxus|Piltover & Zaun|Shadow Isles,28,20,,,,,"[{""c"":""03IO020"",""n"":3},{""c"":""06PZ021"",""n"":3},{""c"":""08PZ009"",""n"":3},{""c"":""01PZ052"",""n"":2},{""c"":""07IO011"",""n"":2},{""c"":""01FR004"",""n"":1},{""c"":""33FR002"",""n"":1},{""c"":""02SI001"",""n"":1},{""c"":""02PZ006"",""n"":1},{""c"":""01NX004"",""n"":1},{""c"":""11FR005"",""n"":1},{""c"":""02BW001"",""n"":1},{""c"":""07PZ009"",""n"":1},{""c"":""01F08010"",""n"":1},{""c"":""06FR008"",""n"":1},{""c"":""06F28001"",""n"":1},{""c"":""08PZ026"",""n"":1},{""c"":""01MT002"",""n"":1},{""c"":""53IO006"",""n"":1},{""c"":""02F32036"",""n"":1}]"
2026-05-07,157,Worst Jangle NA,115.0,Jsv9vweO73ILxpP8Pe_6VWshG6-jpMFZxZkQkgI1HIGXjlG7ftk3XiHUN1J0NIXGivYj_x7JyDDa8g,CUBQCCAJDYBAQAANDECAGAACBAFQ4BQBAMAAGAIEAAKACCAADIAQQCIDAEEAGAYCAEABGGQEAEEAACQBBAGA4AIIA4HAEAYAAQDQ,Demacia|F08|F14|Freljord|Mount Targon|Noxus|Shurima,39,18,,,,,"[{""c"":""08MT030"",""n"":3},{""c"":""08DE013"",""n"":3},{""c"":""08DE025"",""n"":3},{""c"":""03DE002"",""n"":3},{""c"":""03DE008"",""n"":3},{""c"":""03DE011"",""n"":3},{""c"":""03DE014"",""n"":3},{""c"":""03DE003"",""n"":2},{""c"":""04DE020"",""n"":2},{""c"":""08DE026"",""n"":2},{""c"":""08MT003"",""n"":2},{""c"":""08NX003"",""n"":2},{""c"":""01DE019"",""n"":2},{""c"":""01DE026"",""n"":2},{""c"":""01F08000"",""n"":1},{""c"":""10FR008"",""n"":1},{""c"":""12F14001"",""n"":1},{""c"":""08SH014"",""n"":1}]"
2026-05-07,161,Griefamere,115.0,3oeJRVQ8Ka1pd5I4A0MMBdd-pHnUQyUBA5F7AgIdRuZStwgFOk9VXQh0DTxq_fM6AOIvFeANRYqXjg,CUFACAIEGYAQEBR4AEBQKBQBAQEQ2AIFAEDACBQCAMAQMAYMAEDAYAQCAIBQGBADAEBQEDBIAAAQCAIDFY,Bilgewater|Freljord|Ionia|Mount Targon|Noxus|Piltover & Zaun|Runeterra|Shadow Isles,40,14,70.0,22.5,7.5,aggro,"[{""c"":""01PZ054"",""n"":3},{""c"":""02BW060"",""n"":3},{""c"":""03SI006"",""n"":3},{""c"":""04MT013"",""n"":3},{""c"":""05FR006"",""n"":3},{""c"":""06IO003"",""n"":3},{""c"":""06NX012"",""n"":3},{""c"":""06RU002"",""n"":3},{""c"":""02NX003"",""n"":3},{""c"":""02NX004"",""n"":3},{""c"":""01NX002"",""n"":3},{""c"":""01NX012"",""n"":3},{""c"":""01NX040"",""n"":3},{""c"":""01FR003"",""n"":1}]"
2026-05-07,162,Fake o natty,115.0,Ao_9cse6D8IYhbnJ52WgdKa57ebZ2Sb1R-ReHtKELhl91W4vHqSPLYAmz6K0oX7HKKuQwyOdXfpayQ,CMCQCAICFIAQMBZCAEEQOCIEAQDQGGRTOICQIAQEAUEASCYCAEBQEFABAQDV2AA,Ionia|Shurima,40,14,55.0,30.0,15.0,aggro,"[{""c"":""01IO042"",""n"":3},{""c"":""06SH034"",""n"":3},{""c"":""09SH009"",""n"":3},{""c"":""04SH003"",""n"":3},{""c"":""04SH026"",""n"":3},{""c"":""04SH051"",""n"":3},{""c"":""04SH114"",""n"":3},{""c"":""04IO004"",""n"":3},{""c"":""04IO005"",""n"":3},{""c"":""04IO008"",""n"":3},{""c"":""04IO009"",""n"":3},{""c"":""04IO011"",""n"":3},{""c"":""03IO020"",""n"":2},{""c"":""04SH093"",""n"":2}]"
2026-05-07,163,XxzarathosxX,115.0,O6w7sP8jerF8FePPw9ieWuvzOqYI57IA2NpKemLm4yjzoW_LLw6mxpS7lzgFoB8jWBlskVDP0c-9Eg,CEDACAICFEAQGAIWAEDACJABAYBCYAYBAEAQYIIDA4BAWEYUAQAQCARRAEDACKIBA4BBCAQBAEKCUAA,Freljord|Ionia,40,15,,,,,"[{""c"":""01IO041"",""n"":3},{""c"":""03FR022"",""n"":3},{""c"":""06FR036"",""n"":3},{""c"":""06IO044"",""n"":3},{""c"":""01FR001"",""n"":3},{""c"":""01FR012"",""n"":3},{""c"":""01FR033"",""n"":3},{""c"":""07IO011"",""n"":3},{""c"":""07IO019"",""n"":3},{""c"":""07IO020"",""n"":3},{""c"":""01IO049"",""n"":2},{""c"":""06FR041"",""n"":2},{""c"":""07IO017"",""n"":2},{""c"":""01FR020"",""n"":2},{""c"":""01FR042"",""n"":2}]"
2026-05-07,164,Lambz369,114.0,kmHJ0fiFL5KAEXQIbr0iiqfUVOoezx8N8Xx1SigEyzXFLzPC4T4GYF10KXmpZ_8G_qQxrT7t4I3TyQ,CQCACBQEFYAQSCQUAMAQIEBUHABQKBAWDAMQIAIBAUAQCAYEBMAQOBICAEEAKBYGAECQKAYBAYCSAAIHAQHQCCAEDEBACBIPDUBAKBA2DM,Bandle City|F08|F32|Freljord|Ionia|Piltover & Zaun|Shadow Isles,38,18,,,,,"[{""c"":""06PZ046"",""n"":3},{""c"":""09BC020"",""n"":3},{""c"":""01PZ016"",""n"":3},{""c"":""01PZ052"",""n"":3},{""c"":""01PZ056"",""n"":3},{""c"":""05PZ022"",""n"":3},{""c"":""05PZ024"",""n"":3},{""c"":""05PZ025"",""n"":3},{""c"":""01SI001"",""n"":2},{""c"":""03PZ011"",""n"":2},{""c"":""07SI002"",""n"":2},{""c"":""08SI007"",""n"":2},{""c"":""01SI005"",""n"":1},{""c"":""03FR006"",""n"":1},{""c"":""05F32001"",""n"":1},{""c"":""07PZ015"",""n"":1},{""c"":""01F08004"",""n"":1},{""c"":""25IO001"",""n"":1}]"
2026-05-07,165,1lud1d0,114.0,jRy9WzRUavolHuoXSLs57kwiShQXzO3KbkcwG0oqwCuiNfF37LCIxSMifA_I5cvK7ZArVXtAdfMDfA,CMAAMAIDAMGQCBIDCMAQQBJKAIAQGCY7AMCAOFBXHMCAIAYCAQEA6BQBAIBQUAQGAMOSQAQIAMER2AYBAMICCNIEAQBQGBQKCMCAIBYQEAYHM,F08|F29|Ionia|Noxus|Shadow Isles|Shurima,30,18,,,,,"[{""c"":""03NX013"",""n"":2},{""c"":""05NX019"",""n"":2},{""c"":""08SI042"",""n"":2},{""c"":""01NX011"",""n"":2},{""c"":""01NX031"",""n"":2},{""c"":""04SH020"",""n"":2},{""c"":""04SH055"",""n"":2},{""c"":""04SH059"",""n"":2},{""c"":""04NX002"",""n"":2},{""c"":""04NX004"",""n"":2},{""c"":""04NX008"",""n"":2},{""c"":""04NX015"",""n"":2},{""c"":""01IO003"",""n"":1},{""c"":""10IO006"",""n"":1},{""c"":""03F29040"",""n"":1},{""c"":""02F08003"",""n"":1},{""c"":""09F29003"",""n"":1},{""c"":""01NX016"",""n"":1}]"
2026-05-07,167,SanDuke,113.0,z_0mzRNSBBhTMJpBRRnVNPZ-xvroZtyBWvVb47heHWyBXP0RF4SKMXhjNcqM1KnT2CfV6_HZvDz6QA,CUCQCAIECQAQIAIPAEDAUKYBA4GA6AQBAEEBABYBAEARSAIBAMRACAQBAMAQMAIVAEDASIYBBEAQUAQDBEZVKBIBAEADCAIDAQJQCBQJFMAQQBISAIBQSDJD,Bandle City|F08|F19|Freljord|Mount Targon|Noxus|Piltover & Zaun|Runeterra,39,19,,,,,"[{""c"":""01PZ020"",""n"":3},{""c"":""04FR015"",""n"":3},{""c"":""06BC043"",""n"":3},{""c"":""07RU015"",""n"":3},{""c"":""01FR008"",""n"":3},{""c"":""01FR016"",""n"":3},{""c"":""01FR025"",""n"":2},{""c"":""01NX034"",""n"":2},{""c"":""02FR003"",""n"":2},{""c"":""06FR021"",""n"":2},{""c"":""06MT035"",""n"":2},{""c"":""09FR010"",""n"":2},{""c"":""03MT051"",""n"":2},{""c"":""03MT085"",""n"":2},{""c"":""01FR000"",""n"":1},{""c"":""49FR003"",""n"":1},{""c"":""04F19001"",""n"":1},{""c"":""06MT043"",""n"":1},{""c"":""01F08005"",""n"":1}]"
2026-05-08,168,Kon Quinx,113.0,fx7diLuT9VhmCIpRc8kUUAPVsC_YfH_wonnX6AQziG2-0lrR9733kl9SQQwginETEbyYXZgbc6xDxg,CMDQCAICEAAQGAQRAECAEDIBAYBROAIGA4CQEBAHCRWQEBQCEIRQKAIDAIJACBAHG4AQKBYWAEDQEEICAYBAWJQBAECAOOY,Ionia|Noxus|Piltover & Zaun|Shurima,40,16,,,,,"[{""c"":""01IO032"",""n"":3},{""c"":""03IO017"",""n"":3},{""c"":""04IO013"",""n"":3},{""c"":""06NX023"",""n"":3},{""c"":""06SH005"",""n"":3},{""c"":""04SH020"",""n"":3},{""c"":""04SH109"",""n"":3},{""c"":""06IO034"",""n"":3},{""c"":""06IO035"",""n"":3},{""c"":""03IO018"",""n"":2},{""c"":""04SH055"",""n"":2},{""c"":""05SH022"",""n"":2},{""c"":""07IO017"",""n"":2},{""c"":""06IO011"",""n"":2},{""c"":""06IO038"",""n"":2},{""c"":""01PZ007"",""n"":1}]"
2026-05-08,170,deucetech,112.0,vC5TrzN8NIFHXXlujRpo_WtwlrLB1vwh6gauic3KeAUu2fosQbhEfKoOOV4hLZiK-2-trXNRdc-oBg,CEDACAIFAEAQGAIDAEDACJABA4CQEAQIAEAR4BABAEGBIFZKAUAQCAJUAEAQKHIBAQAQYAIGAEUQCBQFEAAA,Freljord|Shadow Isles,40,15,,,,,"[{""c"":""01SI001"",""n"":3},{""c"":""03FR003"",""n"":3},{""c"":""06FR036"",""n"":3},{""c"":""07SI002"",""n"":3},{""c"":""08FR001"",""n"":3},{""c"":""08FR030"",""n"":3},{""c"":""01FR012"",""n"":3},{""c"":""01FR020"",""n"":3},{""c"":""01FR023"",""n"":3},{""c"":""01FR042"",""n"":3},{""c"":""01FR052"",""n"":2},{""c"":""01SI029"",""n"":2},{""c"":""04FR012"",""n"":2},{""c"":""06FR041"",""n"":2},{""c"":""06SI032"",""n"":2}]"
2026-05-08,171,Giggleblaster,112.0,uSfeKJ4rzZO4HbtUtBMWHBI_-NDcAPu_Itf2Q474LSIshl2Cod4aLncjQyIucn4VEQGvqz8BSsjf-A,CECACAIBEYAQCAY7AEBQCAQCAQBQIDYGAEAQGIIBBAAAMAIIAEMAEBADAIEAEBQBCIQAKAIBBMLB4KJKAEAQMAI4,Bilgewater|Demacia|Freljord|Noxus,40,18,,,,,"[{""c"":""01FR038"",""n"":3},{""c"":""01NX031"",""n"":3},{""c"":""03FR002"",""n"":3},{""c"":""04NX004"",""n"":3},{""c"":""04NX015"",""n"":3},{""c"":""01NX033"",""n"":2},{""c"":""08DE006"",""n"":2},{""c"":""08FR024"",""n"":2},{""c"":""04NX002"",""n"":2},{""c"":""04NX008"",""n"":2},{""c"":""06FR018"",""n"":2},{""c"":""06FR032"",""n"":2},{""c"":""01FR011"",""n"":2},{""c"":""01FR022"",""n"":2},{""c"":""01FR030"",""n"":2},{""c"":""01FR041"",""n"":2},{""c"":""01FR042"",""n"":2},{""c"":""01BW001"",""n"":1}]"
2026-05-08,172,Luiscantera99,112.0,VKXBpD0UOEbAyh-Hqcmb7jChhZwESsnQ_Aw-310se0znEl_Kea6E3Ad-ShOCK8jxe63sQt7orajPBA,CQCACBIKP4AQMAAGAEEASAYFBEFACAYMBUKAMAIBAANACAQAAEAQKCRRAECQADABA4FASAQJBICBEAQBAUFACAIJAAWQ,Bandle City|Demacia|Freljord|Mount Targon|Shadow Isles,40,17,,,,,"[{""c"":""05BC127"",""n"":3},{""c"":""06DE006"",""n"":3},{""c"":""08MT003"",""n"":3},{""c"":""09BC001"",""n"":3},{""c"":""09BC003"",""n"":3},{""c"":""09BC012"",""n"":3},{""c"":""09BC013"",""n"":3},{""c"":""09BC020"",""n"":3},{""c"":""01DE026"",""n"":2},{""c"":""02DE001"",""n"":2},{""c"":""05BC049"",""n"":2},{""c"":""05DE012"",""n"":2},{""c"":""07BC009"",""n"":2},{""c"":""09BC004"",""n"":2},{""c"":""09BC018"",""n"":2},{""c"":""01SI010"",""n"":1},{""c"":""01FR009"",""n"":1}]"
2026-05-08,173,LGD Gamiño,112.0,9IL5Ef4JoDTZJphowMi_Yl-aILi61M66mcqNhy9aC2nRYDytWXsTGYzEQoKqwKFRkdUWPmCP6H-H_w,CQEACAIBCYAQGCJIAECQCDYBAUEQUAIGAEOACBYJAMAQQAAGAEEACGAEAECQUHIBBACREAQBAEESSAYDBELTOVICAEDACIABAYEQM,Bandle City|Bilgewater|Demacia|Freljord|Mount Targon|Shadow Isles,40,17,,,,,"[{""c"":""01FR022"",""n"":3},{""c"":""03MT040"",""n"":3},{""c"":""05FR015"",""n"":3},{""c"":""05MT010"",""n"":3},{""c"":""06FR028"",""n"":3},{""c"":""07MT003"",""n"":3},{""c"":""08DE006"",""n"":3},{""c"":""08FR024"",""n"":3},{""c"":""05BC029"",""n"":2},{""c"":""08SI018"",""n"":2},{""c"":""01FR009"",""n"":2},{""c"":""01FR041"",""n"":2},{""c"":""03MT023"",""n"":2},{""c"":""03MT055"",""n"":2},{""c"":""03MT085"",""n"":2},{""c"":""01BW001"",""n"":1},{""c"":""32FR006"",""n"":1}]"
2026-05-08,174,IntoTheDusk,111.0,4CwfSVAdN4m7p5ScQO8-8LoR-RbodZDyMZoY6W_cpwq64il3FKqEwM99CuJJHDkH1IebNboDNi7OFw,CICQCBAFB4AQMBJLAEEAKHQCAICQQCQFAIDBOLBPGU4AIAIBAUAQCAQGE4AQMBRGAEDQMKYBAIBAMHRF,Bilgewater|Ionia|Shadow Isles,39,15,,,,,"[{""c"":""04SI015"",""n"":3},{""c"":""06SI043"",""n"":3},{""c"":""08SI030"",""n"":3},{""c"":""02SI008"",""n"":3},{""c"":""02SI010"",""n"":3},{""c"":""02BW023"",""n"":3},{""c"":""02BW044"",""n"":3},{""c"":""02BW047"",""n"":3},{""c"":""02BW053"",""n"":3},{""c"":""02BW056"",""n"":3},{""c"":""01SI001"",""n"":2},{""c"":""02BW039"",""n"":2},{""c"":""06BW038"",""n"":2},{""c"":""07BW043"",""n"":2},{""c"":""02IO006"",""n"":1}]"
2026-05-08,176,Swiss Voulge,109.0,5Ekucr8sZhwq2CAYxc3g9EEZkMPtR8iDm3cOdX2MuZNrTn8fhTXOsvOZnOdVudi0Vu-ev4UavO7kMw,CQDQCAIBCYAQEBROAEDACFIBA4FASAIIBIBACCABDABAKCQFDUDACBABBIAQKCWZAEAQMAIYAEEACEYCAEAQKKQCAYFCQLYA,Bandle City|Bilgewater|Freljord,40,16,,,,,"[{""c"":""01FR022"",""n"":3},{""c"":""02BW046"",""n"":3},{""c"":""06FR021"",""n"":3},{""c"":""07BC009"",""n"":3},{""c"":""08BC002"",""n"":3},{""c"":""08FR024"",""n"":3},{""c"":""05BC005"",""n"":3},{""c"":""05BC029"",""n"":3},{""c"":""04FR010"",""n"":2},{""c"":""05BC217"",""n"":2},{""c"":""06FR024"",""n"":2},{""c"":""08FR019"",""n"":2},{""c"":""01FR005"",""n"":2},{""c"":""01FR042"",""n"":2},{""c"":""06BC040"",""n"":2},{""c"":""06BC047"",""n"":2}]"
2026-05-08,180,PirataDoDavila,104.0,Xb_TdoxL4oP0ryHVyoAfdih7QCTf2cN13JQwZgkYuFuqm_Qv5D45sI2qRBrRPzWspxrHy4EzSpFnYQ,CUCQCBQGDUAQMAAGAEDAYCABBAARQAQGAECAWBQBAEARMAIDAEBACBQGDMAQMBIDAIDAAEIYAMDACCAMCICACBABBIAQMAJHAEEAABQBBAARG,Bilgewater|Demacia|F39|Freljord|Piltover & Zaun|Runeterra|Shadow Isles,40,19,,,,,"[{""c"":""06BW029"",""n"":3},{""c"":""06DE006"",""n"":3},{""c"":""06RU008"",""n"":3},{""c"":""08FR024"",""n"":3},{""c"":""06FR004"",""n"":3},{""c"":""06FR011"",""n"":3},{""c"":""01FR022"",""n"":2},{""c"":""03FR002"",""n"":2},{""c"":""06BW027"",""n"":2},{""c"":""06SI003"",""n"":2},{""c"":""06DE017"",""n"":2},{""c"":""06DE024"",""n"":2},{""c"":""06FR008"",""n"":2},{""c"":""06FR012"",""n"":2},{""c"":""06FR018"",""n"":2},{""c"":""01PZ001"",""n"":1},{""c"":""10FR006"",""n"":1},{""c"":""01F39001"",""n"":1},{""c"":""08DE006"",""n"":1}]"
2026-05-08,181,ZequiSlo,103.0,sDHVIztIwYIUMUMQMbtW8_F0xNYe4ZkpSBHW9D2r8pxioi2rKuddbjA33gjylSaOO6jIvO4FCZQXRg,CEBAEBIEAYHAIAIEBAMTIOQFAECACCQBBACBQAQFAQBAUAQIAEJRQBABAECBMHRKAIAQCAIBAECACDA,Freljord|Piltover & Zaun,40,18,52.5,35.0,12.5,aggro,"[{""c"":""05PZ006"",""n"":3},{""c"":""05PZ014"",""n"":3},{""c"":""01PZ008"",""n"":3},{""c"":""01PZ025"",""n"":3},{""c"":""01PZ052"",""n"":3},{""c"":""01PZ058"",""n"":3},{""c"":""04FR010"",""n"":2},{""c"":""08PZ024"",""n"":2},{""c"":""05PZ002"",""n"":2},{""c"":""05PZ010"",""n"":2},{""c"":""08FR019"",""n"":2},{""c"":""08FR024"",""n"":2},{""c"":""01FR004"",""n"":2},{""c"":""01FR022"",""n"":2},{""c"":""01FR030"",""n"":2},{""c"":""01FR042"",""n"":2},{""c"":""01FR001"",""n"":1},{""c"":""01FR004"",""n"":1}]"
2026-05-08,184,Kidrobot123,103.0,GGgM83nY2yjo8GRYdcY5-_C1fzPnQr8h6htZVFs3CSPZbiBv9fHW5AGWk06pyekwDQTitQueVleKdA,CEDQCAIBBQAQCARJAEBQCFQBAMBBGAIGAIWAEBQBEQUQGBYCBMIRIBABAEASUAIFAIDACBQBEYBAOAQTFEAA,Freljord|Ionia,40,15,,,,,"[{""c"":""01FR012"",""n"":3},{""c"":""01IO041"",""n"":3},{""c"":""03FR022"",""n"":3},{""c"":""03IO019"",""n"":3},{""c"":""06IO044"",""n"":3},{""c"":""06FR036"",""n"":3},{""c"":""06FR041"",""n"":3},{""c"":""07IO011"",""n"":3},{""c"":""07IO017"",""n"":3},{""c"":""07IO020"",""n"":3},{""c"":""01FR042"",""n"":2},{""c"":""05IO006"",""n"":2},{""c"":""06FR038"",""n"":2},{""c"":""07IO019"",""n"":2},{""c"":""07IO041"",""n"":2}]"
2026-05-08,189,sminkly,100.0,GVZv9Ipg_24v_SAhcv8fLdi2p9VSf79Q_xo8l8cJt3TNg7nx7FMC7knNBf6FxUFb2WiRHxRGUyJKuA,CEDACAICBEAQIAACAECQADACAEAB2KYCA4AAKDQEAMBACAQKCEBACAYCCIBACAQGHEAQCBQAGA,Bilgewater|Demacia|Ionia,40,15,,,,,"[{""c"":""01IO009"",""n"":3},{""c"":""04DE002"",""n"":3},{""c"":""05DE012"",""n"":3},{""c"":""01DE029"",""n"":3},{""c"":""01DE043"",""n"":3},{""c"":""07DE005"",""n"":3},{""c"":""07DE014"",""n"":3},{""c"":""03IO001"",""n"":3},{""c"":""03IO002"",""n"":3},{""c"":""03IO010"",""n"":3},{""c"":""03IO017"",""n"":3},{""c"":""03IO018"",""n"":2},{""c"":""01IO006"",""n"":2},{""c"":""01IO057"",""n"":2},{""c"":""01BW000"",""n"":1}]"
2026-05-08,193,Bonesteeler,100.0,UMNYDLzfXcTOvXZOnv79Ho7d62dNNcIdInO0r-8gfug8eLnQKircEehlav_5Z6ZgrPV5014jvo7_Ng,CQEACAYCAIAQGBAFAECAIEABAYFBUAIHAQCQCCIKBMBAKCSOSEAQIAIEBQUC2NABAIAQIHBGAA,Bandle City|Ionia|Piltover & Zaun,40,14,72.5,27.5,0.0,aggro,"[{""c"":""03IO002"",""n"":3},{""c"":""03PZ005"",""n"":3},{""c"":""04PZ016"",""n"":3},{""c"":""06BC026"",""n"":3},{""c"":""07PZ005"",""n"":3},{""c"":""09BC011"",""n"":3},{""c"":""05BC078"",""n"":3},{""c"":""05BC145"",""n"":3},{""c"":""01PZ012"",""n"":3},{""c"":""01PZ040"",""n"":3},{""c"":""01PZ045"",""n"":3},{""c"":""01PZ052"",""n"":3},{""c"":""01PZ028"",""n"":2},{""c"":""01PZ038"",""n"":2}]"
2026-05-08,195,Pheonixwish,100.0,cl8N9ojUtJZiDT3O4PII8zqeD1XLqjcacmSQPybLp6_NhNfzUjCHa9AyCDJ7wMuZ2tuWVfO9G3G9pQ,CECQCAYEDEAQKAYGAEEAIEQEAEBQYFBHFADACBABBQOCOKBNAAAQCAIDA4,Freljord|Noxus|Piltover & Zaun,40,14,70.0,30.0,0.0,aggro,"[{""c"":""03PZ025"",""n"":3},{""c"":""05NX006"",""n"":3},{""c"":""08PZ018"",""n"":3},{""c"":""01NX012"",""n"":3},{""c"":""01NX020"",""n"":3},{""c"":""01NX039"",""n"":3},{""c"":""01NX040"",""n"":3},{""c"":""01PZ001"",""n"":3},{""c"":""01PZ012"",""n"":3},{""c"":""01PZ028"",""n"":3},{""c"":""01PZ039"",""n"":3},{""c"":""01PZ040"",""n"":3},{""c"":""01PZ045"",""n"":3},{""c"":""01FR003"",""n"":1}]"
2026-05-08,196,Estudante de Mat,100.0,rUh-MxR_6Nd3cz6xcl8hbvAwoxH_jZHnM-5moWJhC4Xr8z4WEinjVmQNf21wGbqwDytgVuZX_XN4Wg,CUFACAIEGYAQEBR4AEBQKBQBAQEQ2AIFAEDACBQCAMAQMAYMAEDAYAQCAIBQGBADAEBQEDBIAAAQCAIDFY,Bilgewater|Freljord|Ionia|Mount Targon|Noxus|Piltover & Zaun|Runeterra|Shadow Isles,40,14,70.0,22.5,7.5,aggro,"[{""c"":""01PZ054"",""n"":3},{""c"":""02BW060"",""n"":3},{""c"":""03SI006"",""n"":3},{""c"":""04MT013"",""n"":3},{""c"":""05FR006"",""n"":3},{""c"":""06IO003"",""n"":3},{""c"":""06NX012"",""n"":3},{""c"":""06RU002"",""n"":3},{""c"":""02NX003"",""n"":3},{""c"":""02NX004"",""n"":3},{""c"":""01NX002"",""n"":3},{""c"":""01NX012"",""n"":3},{""c"":""01NX040"",""n"":3},{""c"":""01FR003"",""n"":1}]"
2026-05-08,197,MeteorB,100.0,KUXM-ICBFTnIpm4YMs2UrWQmQeU2UvU0wz-StZbw8-vCUyeU2-e8t_yF6_qNMzx6Z5zFDzQPuISVfg,CUFACAIBCYAQCAYPAEBQCAQBAUFKCAIBA4DCUAIHAEIACBYECUAQODAMAICQCDYRAIEACEYYAIAQMAAGAEDACKAA,Bandle City|Bilgewater|Demacia|Freljord|Noxus|Piltover & Zaun|Runeterra,40,14,,,,,"[{""c"":""01FR022"",""n"":3},{""c"":""01NX015"",""n"":3},{""c"":""03FR002"",""n"":3},{""c"":""05BC161"",""n"":3},{""c"":""07BW042"",""n"":3},{""c"":""07FR016"",""n"":3},{""c"":""07PZ021"",""n"":3},{""c"":""07RU012"",""n"":3},{""c"":""05FR015"",""n"":3},{""c"":""05FR017"",""n"":3},{""c"":""08FR019"",""n"":3},{""c"":""08FR024"",""n"":3},{""c"":""06DE006"",""n"":2},{""c"":""06FR040"",""n"":2}]"
2026-05-08,201,Carrot Spirit,100.0,NF9ZwowvSyBz45YcetDzIlsyVLSXCW7enL4zTVyKjr2XKr2XBFWy1fc_CdtXAjFtiOBxXQRJAYTRUA,CQDACAQDAMAQMCQ2AEDAGKIBBEFAWBABAMBAYKBXAQCQUBZJUMA2MAICAEAQGGIBAUFHIAA,Bandle City|Noxus,40,14,,,,,"[{""c"":""02NX003"",""n"":3},{""c"":""06BC026"",""n"":3},{""c"":""06NX041"",""n"":3},{""c"":""09BC011"",""n"":3},{""c"":""01NX002"",""n"":3},{""c"":""01NX012"",""n"":3},{""c"":""01NX040"",""n"":3},{""c"":""01NX055"",""n"":3},{""c"":""05BC007"",""n"":3},{""c"":""05BC041"",""n"":3},{""c"":""05BC163"",""n"":3},{""c"":""05BC166"",""n"":3},{""c"":""01NX025"",""n"":2},{""c"":""05BC116"",""n"":2}]"
2026-05-08,213,DK catmonX,100.0,bpoOMszo_WlxKnKHIgrSIt2tLo8-wImxEaWLM6K5lD3h_8aVXxLxbNAmKFG-nWUpVs4vaGxe6iYz3w,CQCACBIKXQAQCBQHAUAQOBZOAUCAOAI4J5JWIAQBAQDV2AIFBLDACBQBAECAQAIIBIDAEBAHHOBACAQHBICQ6AYFBINSRJABAMDAOMBRHA,Bandle City|Bilgewater|Freljord|Ionia|Shadow Isles|Shurima,34,16,,,,,"[{""c"":""05BC188"",""n"":3},{""c"":""06SH005"",""n"":3},{""c"":""07SH046"",""n"":3},{""c"":""04SH001"",""n"":3},{""c"":""04SH028"",""n"":3},{""c"":""04SH079"",""n"":3},{""c"":""04SH083"",""n"":3},{""c"":""04SH100"",""n"":3},{""c"":""04SH093"",""n"":2},{""c"":""05BC198"",""n"":2},{""c"":""01FR004"",""n"":1},{""c"":""08FR008"",""n"":1},{""c"":""10BW002"",""n"":1},{""c"":""04SH059"",""n"":1},{""c"":""130IO007"",""n"":1},{""c"":""10SI015"",""n"":1}]"
2026-05-08,221,almiral87,100.0,vvhYHWysWyfwbYlxI13kS7_y1W2gb2B-ThEFjZjOBJvYIET5Ziji5Te94uWel7CNR2Iv2yjxziOfIg,CQCACAYFCAAQKCUYAEAQKBIJAIDAIKROAIAQKBIOAMEAIAIIBEEQCAQEAYAQGBAEAECAKOABAUCBWAIFAUBQEBAEA4IQGAIED4SDIAYBAUAR2NQEAYCBEIRIFM,Bandle City|Freljord|Ionia|Noxus|Piltover & Zaun|Shadow Isles,32,18,,,,,"[{""c"":""03SI016"",""n"":3},{""c"":""05BC152"",""n"":3},{""c"":""05SI009"",""n"":3},{""c"":""06PZ042"",""n"":3},{""c"":""06PZ046"",""n"":3},{""c"":""05SI014"",""n"":2},{""c"":""08PZ001"",""n"":2},{""c"":""08PZ008"",""n"":2},{""c"":""08PZ009"",""n"":2},{""c"":""01IO004"",""n"":1},{""c"":""06FR003"",""n"":1},{""c"":""04PZ001"",""n"":1},{""c"":""04SI056"",""n"":1},{""c"":""01SI004"",""n"":1},{""c"":""27FR005"",""n"":1},{""c"":""05NX002"",""n"":1},{""c"":""04PZ007"",""n"":1},{""c"":""17NX001"",""n"":1}]"
2026-05-08,222,Fouur,100.0,wXbl3uoZp0uLrS0f2bJs6u81liOtfHnpY0NawKgjhgcqobNu8iaIhiqh-ziz5RYGpRyqBJQh6fa_vg,CQCQCAYEBMAQMBBOAEDQKAQDAECBANBYAMCQIFQYDEBQCAIFAEAQSCQUAIEAKBYSAQAQKBA7AECQKAYBA4CA6AQBAUOTC,Bandle City|Freljord|Noxus|Piltover & Zaun|Shadow Isles,39,17,,,,,"[{""c"":""03PZ011"",""n"":3},{""c"":""06PZ046"",""n"":3},{""c"":""07SI002"",""n"":3},{""c"":""01PZ016"",""n"":3},{""c"":""01PZ052"",""n"":3},{""c"":""01PZ056"",""n"":3},{""c"":""05PZ022"",""n"":3},{""c"":""05PZ024"",""n"":3},{""c"":""05PZ025"",""n"":3},{""c"":""01SI001"",""n"":2},{""c"":""09BC020"",""n"":2},{""c"":""08SI007"",""n"":2},{""c"":""08SI018"",""n"":2},{""c"":""01SI004"",""n"":1},{""c"":""31FR005"",""n"":1},{""c"":""05NX001"",""n"":1},{""c"":""07PZ015"",""n"":1}]"
2026-05-08,226,jeebeleebus,100.0,08wyC1618GPiQUr95n1IJMUvaEEHk3PzKIwMcDv26zKfeyBQXOBF8p9Fjtc1nZXCa7Z59XpR-GuXxQ,CQCACBQCEABAIBZHJEBAMBYFGABQSARNGM5AMAICAICQCAYCCQAQQCQGAEEAGDABBEBDOAIJA4FAGAIBAIYQCBQHHABAIBYBM4,Bandle City|F56|Freljord|Ionia|Noxus|Shurima,39,17,,,,,"[{""c"":""06IO032"",""n"":3},{""c"":""04SH039"",""n"":3},{""c"":""04SH073"",""n"":3},{""c"":""06SH005"",""n"":3},{""c"":""06SH048"",""n"":3},{""c"":""09IO045"",""n"":3},{""c"":""09IO051"",""n"":3},{""c"":""09IO058"",""n"":3},{""c"":""02IO005"",""n"":2},{""c"":""03IO020"",""n"":2},{""c"":""08BC006"",""n"":2},{""c"":""08NX012"",""n"":2},{""c"":""09IO055"",""n"":2},{""c"":""09SH010"",""n"":2},{""c"":""01FR002"",""n"":1},{""c"":""49FR006"",""n"":1},{""c"":""07F56002"",""n"":1}]"
2026-05-09,229,Azaker,100.0,zOrNs85F6cZ9fzgWiqDd0A4JHnETPHSHgwqj_-A50pc-9CuohVY6oW6ArKlK-MSQJ8wTkgOI6WftOw,CQCACCAKAYBAOCIDBUBQMCIKFMWQIAYJH5FWA3QDAEAQEGABAIBAMAYDBE5FJWIBAA,Bandle City|Ionia|Mount Targon,40,15,,,,,"[{""c"":""08BC006"",""n"":3},{""c"":""07MT003"",""n"":3},{""c"":""07MT013"",""n"":3},{""c"":""06MT010"",""n"":3},{""c"":""06MT043"",""n"":3},{""c"":""06MT045"",""n"":3},{""c"":""03MT063"",""n"":3},{""c"":""03MT075"",""n"":3},{""c"":""03MT096"",""n"":3},{""c"":""03MT110"",""n"":3},{""c"":""01IO024"",""n"":2},{""c"":""02IO006"",""n"":2},{""c"":""03MT058"",""n"":2},{""c"":""03MT084"",""n"":2},{""c"":""03MT217"",""n"":2}]"
2026-05-09,230,S0dier,100.0,bCKEYS_u5YNUPOotflk8jNBu0lAL3VLN57SYLhXlObTD7urr-0hprm2CEFNFBtqrciyvMUA7PXpgSQ,CEBQEBADAQHQGAIDD4QTKBIBAECBMHRGFEBACBADBABQCAIBBMYAEAIBAEVACBQBDQ,Freljord|Noxus,40,16,,,,,"[{""c"":""04NX004"",""n"":3},{""c"":""04NX015"",""n"":3},{""c"":""01NX031"",""n"":3},{""c"":""01NX033"",""n"":3},{""c"":""01NX053"",""n"":3},{""c"":""01FR004"",""n"":3},{""c"":""01FR022"",""n"":3},{""c"":""01FR030"",""n"":3},{""c"":""01FR038"",""n"":3},{""c"":""01FR041"",""n"":3},{""c"":""04NX008"",""n"":2},{""c"":""01FR001"",""n"":2},{""c"":""01FR011"",""n"":2},{""c"":""01FR048"",""n"":2},{""c"":""01FR001"",""n"":1},{""c"":""42FR006"",""n"":1}]"
2026-05-09,231,Hekix,100.0,1CK23PwoEcTa2_0pqZAlaghwoqIY-CKPaYOVSgXAZrnqcCXnCghPMpvq9XuQL5Y8ut3x99VigcQ3Lg,CUDACAIBD4AQGBQRAEEAUBQCA4FASEQDAYFA6EJAAQCQUAJIGGMACAIBAYBRQAQBBAFBKAIIBQHA,Bandle City|Bilgewater|F08|Freljord|Noxus,40,15,,,,,"[{""c"":""01FR031"",""n"":3},{""c"":""03BW017"",""n"":3},{""c"":""08BC006"",""n"":3},{""c"":""07BC009"",""n"":3},{""c"":""07BC018"",""n"":3},{""c"":""06BC015"",""n"":3},{""c"":""06BC017"",""n"":3},{""c"":""06BC032"",""n"":3},{""c"":""05BC001"",""n"":3},{""c"":""05BC040"",""n"":3},{""c"":""05BC049"",""n"":3},{""c"":""05BC152"",""n"":3},{""c"":""06NX024"",""n"":2},{""c"":""01F08010"",""n"":1},{""c"":""21FR008"",""n"":1}]"
2026-05-09,235,SilentRevelation,100.0,am-FJH5U92ZZ_-7A6GXhZCPQVBXPsCtH_UaynHKgFy0ybDIMXgQfoX9uCYd4OnWn9Kr-w5Z40R1Yvw,CECQCAIBBQAQCARJAEBQCFQBA4BAWAQGAESCSCABAEBDCAIDAIKACBICAYAQMAJGAEDAELACAEARIKQCAIBAKCICA4BBCFAA,Freljord|Ionia,40,17,,,,,"[{""c"":""01FR012"",""n"":3},{""c"":""01IO041"",""n"":3},{""c"":""03FR022"",""n"":3},{""c"":""07IO011"",""n"":3},{""c"":""06FR036"",""n"":3},{""c"":""06FR041"",""n"":3},{""c"":""01IO049"",""n"":2},{""c"":""03IO020"",""n"":2},{""c"":""05IO006"",""n"":2},{""c"":""06FR038"",""n"":2},{""c"":""06IO044"",""n"":2},{""c"":""01FR020"",""n"":2},{""c"":""01FR042"",""n"":2},{""c"":""02IO005"",""n"":2},{""c"":""02IO009"",""n"":2},{""c"":""07IO017"",""n"":2},{""c"":""07IO020"",""n"":2}]"
2026-05-09,241,PirataRJ,100.0,o7RRQb00403JURN5EPFjCfqSpJNmh2GBn7vh_J49v_i2eFWqMNVUrt6P5D_uYpzIJD_AFV2w6FMOAw,CIDACAIDFAAQEAYDAECQMAIBAYDASAQGAMGCABQCAYEQ2FRXHQ7AEAIEAMLACBQGFUAA,Bilgewater|Noxus,40,14,60.0,35.0,5.0,aggro,"[{""c"":""01NX040"",""n"":3},{""c"":""02NX003"",""n"":3},{""c"":""05BW001"",""n"":3},{""c"":""06BW009"",""n"":3},{""c"":""06NX012"",""n"":3},{""c"":""06NX032"",""n"":3},{""c"":""02BW009"",""n"":3},{""c"":""02BW013"",""n"":3},{""c"":""02BW022"",""n"":3},{""c"":""02BW055"",""n"":3},{""c"":""02BW060"",""n"":3},{""c"":""02BW062"",""n"":3},{""c"":""04NX022"",""n"":2},{""c"":""06BW045"",""n"":2}]"
2026-05-09,247,specops282,100.0,kFlWEhpA7WCIER_-s5OVmguqc2bm8KifmcWC9zTMv2WLgzTW6p7u9Y7no29WTQf0XfDz7oKx-NEedA,CQCACBIEAYAQOCQUAEDQIEIDAECAQGJVAUAQOCQJAEEAIGACAECDIOQCAUFACRQFAUCAECQNBYJQA,Bandle City|Piltover & Zaun,40,17,,,,,"[{""c"":""05PZ006"",""n"":3},{""c"":""07BC020"",""n"":3},{""c"":""07PZ017"",""n"":3},{""c"":""01PZ008"",""n"":3},{""c"":""01PZ025"",""n"":3},{""c"":""01PZ053"",""n"":3},{""c"":""07BC009"",""n"":2},{""c"":""08PZ024"",""n"":2},{""c"":""01PZ052"",""n"":2},{""c"":""01PZ058"",""n"":2},{""c"":""05BC001"",""n"":2},{""c"":""05BC070"",""n"":2},{""c"":""05PZ002"",""n"":2},{""c"":""05PZ010"",""n"":2},{""c"":""05PZ013"",""n"":2},{""c"":""05PZ014"",""n"":2},{""c"":""05PZ019"",""n"":2}]"
2026-05-09,249,Ning Rookie,99.0,OGxDo6XQKEGpusz5LMePXYA5srW0Ls7PO_DLzRwrMjqjage_6OLgqFMzEl9OGZP-b9qlxJlPbiR7Jw,CQCACAYJKEAQKCRJAEDASCADAEABKHJLBEAQEAAHAEBQSIYBAQEREAIGAAUQCBYAAUAQQCIYAEEQAIICAEAAEMYCAYEQIHIA,Bandle City|Demacia|Mount Targon,40,17,,,,,"[{""c"":""03MT081"",""n"":3},{""c"":""05BC041"",""n"":3},{""c"":""06MT008"",""n"":3},{""c"":""01DE021"",""n"":3},{""c"":""01DE029"",""n"":3},{""c"":""01DE043"",""n"":3},{""c"":""02DE007"",""n"":2},{""c"":""03MT035"",""n"":2},{""c"":""04MT018"",""n"":2},{""c"":""06DE041"",""n"":2},{""c"":""07DE005"",""n"":2},{""c"":""08MT024"",""n"":2},{""c"":""09DE033"",""n"":2},{""c"":""01DE002"",""n"":2},{""c"":""01DE051"",""n"":2},{""c"":""06MT004"",""n"":2},{""c"":""06MT029"",""n"":2}]"
2026-05-09,260,3XT43M3Special,88.0,n7k1YnEo9x2wXZd2cwZZfIkgRff0QICb3yvfQQ1IuSY1Rbmbbngu4khrmhDTaIg6z2n3i_aBDucpjA,CQBQCBQHGABAIBZHJEBQSARNGM5AOAIDAIKACBAHAEAQKAQGAEEAUBQBBEDQUAQGA4CTQAQHAIJRIAYBAYBCIAIIAMGAEBAHHOFAC,Bandle City|Bilgewater|Freljord|Ionia|Runeterra|Shurima,39,18,,,,,"[{""c"":""06SH048"",""n"":3},{""c"":""04SH039"",""n"":3},{""c"":""04SH073"",""n"":3},{""c"":""09IO045"",""n"":3},{""c"":""09IO051"",""n"":3},{""c"":""09IO058"",""n"":3},{""c"":""03IO020"",""n"":2},{""c"":""04SH001"",""n"":2},{""c"":""05IO006"",""n"":2},{""c"":""08BC006"",""n"":2},{""c"":""09SH010"",""n"":2},{""c"":""06SH005"",""n"":2},{""c"":""06SH056"",""n"":2},{""c"":""07IO019"",""n"":2},{""c"":""07IO020"",""n"":2},{""c"":""01BW002"",""n"":1},{""c"":""36FR008"",""n"":1},{""c"":""03RU002"",""n"":1}]"
2026-05-09,268,Jef Cabeça,85.0,TDduUr4WgHBujH1fMopZIGNGL57NG8TpKFDpwbwg_yFVtFxPUi6feBLN8uuefvE_ARQSB9ak6L966w,CIBACAYJBEBAGBADBMEQCAYEAUAQICIKAECAIBYBAUCCMAIGBEVQCBQEFYAQQBAJAEEAKEQEAMEROKSW3UAQOAIBAQ2ACAYJLQAQIBARAECQIGIBAYES2AIGAQVQCBYJAE,F45|F92|Freljord|Mount Targon|Piltover & Zaun|Shadow Isles,40,22,,,,,"[{""c"":""03MT009"",""n"":3},{""c"":""03PZ003"",""n"":3},{""c"":""03PZ011"",""n"":3},{""c"":""03PZ005"",""n"":2},{""c"":""04MT010"",""n"":2},{""c"":""04PZ007"",""n"":2},{""c"":""05PZ038"",""n"":2},{""c"":""06MT043"",""n"":2},{""c"":""06PZ046"",""n"":2},{""c"":""08PZ009"",""n"":2},{""c"":""08SI018"",""n"":2},{""c"":""03MT023"",""n"":2},{""c"":""03MT042"",""n"":2},{""c"":""03MT086"",""n"":2},{""c"":""03MT221"",""n"":2},{""c"":""01FR004"",""n"":1},{""c"":""52FR003"",""n"":1},{""c"":""09F92001"",""n"":1},{""c"":""04PZ017"",""n"":1},{""c"":""01SI004"",""n"":1},{""c"":""25FR006"",""n"":1},{""c"":""09F45001"",""n"":1}]"
